owner_mid,owner_name,owner_face,owner_sign,owner_gender,owner_level,owner_verified,owner_verified_title,owner_vip_type,owner_follower_count,owner_following_count,owner_video_count,refinement_follower_bin,refinement_keep
14229967,一数,https://i1.hdslb.com/bfs/face/812281bada7d323c23c6e1e2e92749bd29b7d7c6.jpg,高中各科优质免费资源，尽在“一系列”！公众号「一数儿」，优秀老师想加入一系列可加VX：bilibiliyishu（请备注）,保密,6,TRUE,2025百大UP主、2025年度弹幕人气奖UP主、2025年度商业影响力奖UP主,2,23544040,13,817,,
401742377,原神,https://i2.hdslb.com/bfs/face/853c4a846793dfbdafd8f16a40d6d8065bdb7c6f.jpg,原神官方账号,保密,6,TRUE,原神官方账号,2,20492017,60,680,,
546195,老番茄,http://i0.hdslb.com/bfs/face/bc5ca101313d4db223c395d64779e76eb3482d60.jpg,新浪微博：_老番茄_,保密,6,TRUE,2025百大UP主、2025年度商业影响力奖UP主、2022年度联合创作奖UP主,2,20164298,5,650,,
50329118,哔哩哔哩英雄联盟赛事,https://i2.hdslb.com/bfs/face/544c89e68f2b1f12ffcbb8b3c062a3328e8692d9.jpg,哔哩哔哩英雄联盟赛事官方账号，直播LPL、MSI季中赛、全明星等大型赛事。,保密,6,TRUE,哔哩哔哩英雄联盟赛事直播官方账号,2,16749386,109,7232,,
946974,影视飓风,https://i0.hdslb.com/bfs/face/c1733474892caa45952b2c09a89323157df7129a.jpg,无限进步！｜商务合作请联系邮箱：bd@ysjf.com（邮件中麻烦备注公司、咨询内容）｜店铺名：影视飓风,男,6,TRUE,2025百大UP主、2023年度最高人气奖UP主、课堂优质讲师,2,15663270,672,886,,
927587,木鱼水心,https://i2.hdslb.com/bfs/face/e922d9dc09a2d21f1400ad0f02f75ecf1b3575c8.jpg,遥望理想，勇敢生存 | 商务合作：bd@ark-tv.com (请备注公司姓名及合作项目）公众号：木鱼水心,男,6,TRUE,2025百大UP主、2024百大UP主、知名UP主,2,14546800,104,1328,,
163637592,老师好我叫何同学,https://i0.hdslb.com/bfs/face/492d0bb71749332040f9d812954fa0b52e66c490.jpg,目标是做有意思的视频｜合作请联系xhaxx1123@163.com｜粉丝想做htxcontact@163.com 请留下vx或者手机号,保密,6,TRUE,2025百大UP主、2025年度最佳作品奖UP主、2020年度最佳作品奖UP主,2,12690185,341,91,,
1340190821,崩坏星穹铁道,https://i2.hdslb.com/bfs/face/c27e19b8861be105b9d80b6743756c35027ae736.jpg,愿此行，终抵群星。 ,保密,6,TRUE,崩坏：星穹铁道官方账号,2,11935213,19,289,,
20165629,共青团中央,https://i1.hdslb.com/bfs/face/05725218e6cd8d0916da4f27ab56ca0957545c48.jpg,你好呀！这里皮皮团，等你很久啦！,保密,6,TRUE,共青团中央 官方账号,2,11866418,125,5513,,
562197,中国BOY超级大猩猩,https://i0.hdslb.com/bfs/face/ffb50dd4e712386eb888030ebc6f4aea3a65cd8e.jpg,新浪 @中国BOY-Hans,男,6,TRUE,2023百大UP主、知名UP主,2,10669295,201,1848,,
23947287,小约翰可汗,https://i0.hdslb.com/bfs/face/e5cba5169ea4da2c24546705b495e0380fe08d08.jpg,快更了快更了,保密,6,TRUE,2025百大UP主、2025年度最高人气奖UP主、2023年度商业影响力奖UP主,2,10629610,399,244,,
489412051,哔哩哔哩晚会,https://i1.hdslb.com/bfs/face/fd3e2b4cb3e800e83480164feeca431e733f1247.jpg,哔哩哔哩干杯[]~(￣▽￣)~*,保密,6,TRUE,哔哩哔哩晚会官方账号,2,10606385,49,1089,,
5294454,逗比的雀巢,https://i0.hdslb.com/bfs/face/e56d8c14d3b74b4e32fbaf2ac4af119328c56c93.jpg,"没有ins 商务合作 加微信 NSHOUSE888 某博@逗比的雀大巢  
编导 剪辑 摄影 有意者联系v zyn_123456231",男,6,TRUE,2025百大UP主、2024百大UP主、知名游戏UP主,2,10437271,275,157,,
39737405,学过石油的语文老师,https://i2.hdslb.com/bfs/face/fce5a10be530b829da3c20b5caeea7fdbe6a1068.jpg,收藏夹里是分类｜体系课程看合集,男,6,TRUE,2025百大UP主、2024百大UP主、知名UP主,2,10003765,7,522,,
39627524,食贫道,https://i2.hdslb.com/bfs/face/eef12b850c10b0d7a7929236abb08604955823c0.jpg,大开大合丨商务合作请联系vx:sihechuangyi（麻烦备注公司、咨询内容）,保密,6,TRUE,2025百大UP主、2024年度原创栏目奖UP主、2020年度正能量UP主,2,9177483,207,604,,
7584632,哔哩哔哩纪录片,https://i2.hdslb.com/bfs/face/e4c9c05514017443f5ff05ceccfd330804fb44cd.jpg,莫得感情偶尔咕咕的纪录片,保密,6,TRUE,哔哩哔哩纪录片官方账号,2,9151811,145,20251,,
1532165,papi酱,https://i2.hdslb.com/bfs/face/e45a7b248f496fad8b32d3b9cfa0335339331798.jpg,一个集美貌与才华于一身的女子。 商业合作邮箱：papijiang@papitube.com【请备注papi+品牌信息】,保密,6,TRUE,bilibili 2018百大UP主、知名搞笑UP主,0,8912197,48,414,,
928123,哔哩哔哩番剧,https://i1.hdslb.com/bfs/face/040528a1ec634b9907ba3a9ba957819bb07def06.jpg,关注最帅的官号，你就成为最帅的粉丝了！↗,保密,6,TRUE,哔哩哔哩番剧区官方账号,2,8730236,47,27160,,
1577804,某幻君,https://i2.hdslb.com/bfs/face/a7eda2f97431d13f89a43b310262d1b19be83c01.jpg,微博@某幻今天拖更了没 合作邮箱：maergege@sina.com,男,6,TRUE,2025百大UP主、2025年度原创音乐奖UP主、知名UP主,2,8611674,318,441,,
3670216,TF家族,https://i1.hdslb.com/bfs/face/1c74336b9060d40d0ccf5e8bce7c0de34526b1e3.jpg,"官方YouTube账号：
时代少年团Teens In Times官方频道
登陆计划-TransFormProject
TF FAMILY",保密,6,TRUE,TF家族官方账号,0,8505310,8,2566,,
13354765,徐大虾咯,https://i1.hdslb.com/bfs/face/6787192a42ca29aa5f496b8fc471c898ad4c6378.jpg,商务QQ:445591408 商务VX:hyqiuqiu19,男,6,TRUE,bilibili 2022百大UP主、2019年度原创栏目奖UP主,2,8394302,89,345,,
15773384,哔哩哔哩电影,https://i2.hdslb.com/bfs/face/d21a82eb5738155b2b99b5f6102e054e2e0d0700.jpg,,保密,6,TRUE,哔哩哔哩电影官方账号,2,8338043,75,5248,,
99157282,盗月社食遇记,https://i1.hdslb.com/bfs/face/c7fb5da587c2ec6b56ad47579933fda34c000457.jpg,心里有光，哪儿都美。,保密,6,TRUE,2024百大UP主、2022年度原创栏目奖UP主、2021年度最高人气UP主,2,8330417,776,668,,
229733301,音乐私藏馆,https://i0.hdslb.com/bfs/face/91a6526445f61e2d491523242b532d5e76f0435a.jpg,这世界没有真正的感同身受(闲聊群：529576419，商务合作：178228013),保密,6,TRUE,bilibili 知名音乐UP主,2,8136531,33,566,,
280793434,手工耿,https://i1.hdslb.com/bfs/face/b8a75ae7d2a0e2af1d36ca9f1084d850eebb28e3.jpg,喜欢做一些有趣的小手工,保密,6,TRUE,2024百大UP主、知名搞笑UP主,2,8124929,52,229,,
10119428,小片片说大片,https://i2.hdslb.com/bfs/face/949fd3f0b9fe23703c970d494edc41ae52ee32de.jpg,关注小片片，天天看大片！VX公众号：小片片说大片。商务合作VX：oyxlcjk,保密,6,TRUE,2025百大UP主、2024百大UP主、知名影视UP主,2,7935108,863,1716,,
1636034895,绝区零,https://i0.hdslb.com/bfs/face/07d877d0796437a319c714f2ca57fc60af9d05ee.jpg,世界全剧终，欢迎来到新艾利都！,保密,6,TRUE,绝区零官方账号,2,7795855,16,205,,
98627270,哔哩哔哩国创,https://i2.hdslb.com/bfs/face/ae8149db0fe146563cdbf7ff346eb9bb3dc25a12.jpg,国产动画，国产原创相关创作，各类资讯信息快到碗里来,保密,6,TRUE,哔哩哔哩国创区官方账号,2,7397644,326,12555,,
10330740,观察者网,https://i0.hdslb.com/bfs/face/3d0dba3789065512f5217387ab135a093ae10c45.jpg,广受年轻人心疼的时政网站（www.guancha.cn），合作联系liufudong@guancha.cn。,保密,6,TRUE,观察者网 官方账号,1,7324576,63,20116,,
375375,伊丽莎白鼠,https://i0.hdslb.com/bfs/face/6c36ec15f6d7ddd9bdb558511521bd0256779e1c.jpg,一个热爱鬼畜的普通人。微博：@伊丽莎白鼠 ,保密,6,TRUE,bilibili 2022百大UP主、知名UP主,1,7205730,72,92,,
21837784,阿斗归来了,https://i1.hdslb.com/bfs/face/b6dad37ef0a68341b6e2f84de5e1f9ee02f8365e.jpg,全网同名。做油管上的创作者们请注意：避坑“优桥新媒体YB media”这家MCN公司，若有需要，我无偿介绍其他靠谱方式。,男,6,TRUE,bilibili 2020百大UP主、知名影视UP主,1,7033082,74,781,,
1027737427,MrBeast官方账号,https://i1.hdslb.com/bfs/face/d85295bc576e059c1a549d89d405f22311571898.jpg,大家好，我是野兽先生！全网有10亿粉丝，如果你想看更多新奇有趣的内容，欢迎关注我这位远道而来的UP主吧～,保密,6,TRUE,MrBeast官方账号,1,7021259,6,95,,
63231,泛式,https://i0.hdslb.com/bfs/face/2608aaa45309c77ac88fbfaa40e160b8c7892985.jpg,谢谢你喜欢我的视频 | 微博: @泛式 | 淘宝店: 泛式的泛卖屋,男,6,TRUE,2025百大UP主、2025直播年度人气奖UP主、直播高能主播,2,6625242,541,372,,
392836434,哔哩哔哩王者荣耀赛事,https://i0.hdslb.com/bfs/face/7e6ffb7ba5fe4b4d5ca23b49f7d07e21b4a42fab.jpg,哔哩哔哩王者荣耀赛事官方账号,保密,6,TRUE,哔哩哔哩王者荣耀赛事官方账号,2,6571606,83,5065,,
67141499,大漠叔叔,https://i2.hdslb.com/bfs/face/f625f36c97c57a7ec47f7f6dc4010edf205509d6.jpg,?Youtube、微博同名，叔是正经叔！,男,6,TRUE,bilibili 2021百大UP主、Vlog领域优质UP主，大漠叔叔官方账号,2,6520891,153,564,,
176037767,我是郭杰瑞,http://i2.hdslb.com/bfs/face/6182455e4d61159121c223ddc7a3a381f2d4d056.jpg,Fibo咖啡联合创始人，微博@我是郭杰瑞,男,6,TRUE,bilibili 2021百大UP主、 知名UP主,1,6165117,32,458,,
407054668,亿点点不一样,https://i1.hdslb.com/bfs/face/9a2c23800387d9c871f3b5dd3620dc1c3c50d2f9.jpg,我们不是科普，我们与你一起发现,保密,6,TRUE,bilibili 知名UP主,1,6147969,58,89,,
250858633,华农兄弟,https://i1.hdslb.com/bfs/face/bac504655c69ab937b0be4557e27535f794b0c66.jpg,实拍农村美食美景，有趣好玩新鲜事！咨询 xy860086,保密,6,TRUE,bilibili 知名UP主,2,6123773,36,583,,
17819768,电影最TOP,http://i2.hdslb.com/bfs/face/6b2ade215ea603b495648875c925172a863d16d4.jpg,更多栏目请关注公众号：电影最TOP  商务合作QQ：52948104,男,6,TRUE,2025百大UP主、2024百大UP主、知名影视UP主,2,6088611,97,725,,
373388923,脱缰凯Kk,https://i1.hdslb.com/bfs/face/1367615bfd41b079eae1ac1225dbefcc260acbbb.jpg,商务v: Xdwh1230,保密,6,TRUE,脱缰凯官方账号，搞笑UP主,1,6019017,35,726,,
3957971,贤宝宝Baby,https://i2.hdslb.com/bfs/face/1effdaecc83bbfabcb9c2f93af99e255bcd0f7db.jpg,日常号@丁哲栋    商务合作wechat：yaoyaowa0122,男,6,TRUE,bilibili 2019百大UP主、知名UP主,1,5928864,194,444,,
222103174,央视网,https://i1.hdslb.com/bfs/face/bc9054b679e187858daa6004633d0f45654b99ae.jpg,我还是从前那个小央没有一丝丝改变~,保密,6,TRUE,央视网官方账号,2,5769851,15,25797,,
8366990,-欣小萌-,https://i2.hdslb.com/bfs/face/60368b5e2850cc569328e8b562d90cb28ce5b2cd.jpg,小号：-欣小萌有点亏-   ,女,6,TRUE,2025百大UP主、2020百大UP主、知名UP主,2,5738170,691,463,,
122879,敖厂长,https://i2.hdslb.com/bfs/face/71d85b84b0b2aa59009cd6af09b53aac309c3461.jpg,我回来啦！每月稳定更新,保密,6,TRUE,bilibili 2020百大UP主、知名UP主,1,5649535,1,438,,
4162287,渗透之C君,https://i0.hdslb.com/bfs/face/a12790be51aa6c9e3583fa94cb9b11cbfe0dacc2.jpg,一个玩了30年游戏的90后| 微博@渗透之C菌  商务VX: cjun_creator,女,6,TRUE,bilibili 2020百大UP主，知名UP主,2,5603126,44,572,,
321422126,进击的金厂长,https://i2.hdslb.com/bfs/face/d3cc4b2909707fcf31e943e9970bf2e621483ef3.jpg,B站第一带慈善家  商务联系V：jinboss66（注明来意）,男,6,TRUE,2025百大UP主、2024百大UP主、2023百大UP主,2,5528544,99,752,,
346563107,波士顿圆脸,https://i2.hdslb.com/bfs/face/f8f0fc4114bb06a87481abe12faa006a383cbe6d.jpg,人话聊世界 商务+SiempreYI,男,6,TRUE,bilibili 知名UP主,2,5515466,45,1917,,
654552,圆桌动漫,https://i0.hdslb.com/bfs/face/6c1421573d214809ca86aef25bdd23670e00128a.jpg,从未开展过任何付费培训业务，或招收学员 所有打着圆桌动漫名头收徒的都是骗子 请大家谨防上当受骗，商务合作微信：mmhch123；,男,6,TRUE,圆桌动漫官方账号,2,5452414,1724,662,,
36081646,洛天依,https://i1.hdslb.com/bfs/garb/065c24eb9b1dc2702eb805507d0808c9614e49ae.png,Vsinger旗下虚拟歌手，世界首位中文V家虚拟歌手，主唱，15岁，2012年7月12日出道。合作联系：shhn@vsinger.com。,女,6,TRUE,2025年度原创音乐奖UP主、2023年度原创音乐,1,5431029,80,412,,
3913194,高斯Goh,https://i0.hdslb.com/bfs/face/d4c65b5c6be3f9d845c15401173f98b130728851.jpg,小潮tEam桌游区的扛把子！商务合作请联系QQ2284771898 ｜ 微博@斯goh,男,6,TRUE,bilibili 知名UP主,2,5429329,296,156,,
406636263,HOLA小测佬,https://i0.hdslb.com/bfs/face/8d076e9dffc6457c18d050b20195aba05c9996ea.jpg,"商务合作联系VX：xiaocelaotv（注明品牌）
中欧研究博士一枚
环球旅行，带大家走遍世界每个角落
",保密,6,TRUE,2025百大UP主、2023百大UP主、知名UP主,2,5425325,212,224,,
447317111,Meetfood觅食,https://i2.hdslb.com/bfs/face/bea5c769459bddb4b955c19ce4e4dc3d8b46f8ea.jpg,美食的背后，是文化和故事。 商务合作请联系vx：MeetFoodBIZ（添加注明品牌）,男,6,TRUE,2023百大UP主、知名美食UP主,2,5316698,291,330,,
26240675,与山0v0,https://i2.hdslb.com/bfs/face/1dd429855a968c9d22b8ccc000a7aaabe8dbc201.jpg,喜欢！所以会坚持下去！商务合作请加v:hyqiuqiu19；商务q:445591408,男,6,TRUE,2025百大UP主、2024百大UP主、知名UP主,2,5284359,274,1081,,
79061224,刘老师说电影,https://i1.hdslb.com/bfs/face/145226ff2d32d7c99b8ea3591ffec2f38fc9d3d3.jpg,合作：liulaoshi@laoliumovie.com  大号是@哎呀我去刘老师 ,男,6,TRUE,bilibili 2020百大UP主、 知名影视UP主,2,5273514,276,1025,,
686127,籽岷,https://i0.hdslb.com/bfs/face/7efb679569b2faeff38fa08f6f992fa1ada5e948.webp, 为人民服务 新质成长力 AI游戏大玩家 MBTI：INFP,男,6,TRUE,2025年度公益UP主、2024百大UP主、知名游戏UP主,2,5270531,802,6495,,
25876945,极客湾Geekerwan,http://i1.hdslb.com/bfs/face/d0f7a7ee34a4a45c8390eb3a07e4d7f2d70bae91.jpg,爱折腾、超硬核的科技数码频道！商务合作请联系：bd@geekerwan.com,男,6,TRUE,2025百大UP主、2024年度商业影响力奖UP主、知名UP主,2,5188098,237,595,,
326427334,星球研究所,https://i1.hdslb.com/bfs/face/9840d62117e6d9508da58db8796fc7f443ca8fb5.jpg,热爱人类，热爱地球。《这里是中国》作者。店铺名：星球研究所,保密,6,TRUE,bilibili 知名UP主,2,5132017,177,188,,
1955897084,鸣潮,https://i2.hdslb.com/bfs/face/4f2b29875325a5734127a4b3db2ecf5872a76957.jpg,鸣潮往复 文明不屈,保密,6,TRUE,鸣潮官方账号,2,5033966,11,246,,
7487399,努力的Lorre,https://i2.hdslb.com/bfs/face/c63ebeed7d49967e2348ef953b539f8de90c5140.jpg,来感受一个故事吧，胶囊计划《十一枪》导演，更多超英资讯请至微信公众号：努力的Lorre,男,6,TRUE,bilibili 2020百大UP主、知名UP主,2,4922744,1211,720,,
7552204,啊吗粽,https://i1.hdslb.com/bfs/face/40a3cce5ce83edf18ef0d144772fd3d94d6b3d3f.jpg,微博：@啊吗粽  啊和吗都是口字旁！！商务合作V：ida_Zzzz,男,6,TRUE,2021百大UP主、2019年度原创栏目奖UP主、2023年度社会贡献,2,4883551,589,426,,
11429061,夏叔厨房,https://i0.hdslb.com/bfs/face/2dfc2cbe4222e163af6d405ad4d2f728fe4d0e55.jpg,跟着夏叔学做菜，做家人的金牌大厨！中国烹饪大师、北京烹饪协会副秘书长；合作加：XSCF-SW，小号@夏叔有好货,男,6,TRUE,夏叔厨房官方账号,1,4770382,7,1414,,
6574487,纳豆奶奶,https://i2.hdslb.com/bfs/face/0a8638b34173708fcf979bd1166fbb7fdb1110a4.jpg,【世界恋爱图鉴】创始人｜建了一座图书馆的有种女人｜ 你喜欢我，我也会喜欢你。欢迎私信投稿/表白！会看的～ 合作微信wilsonjp1010,保密,6,TRUE,bilibili 2020百大UP主、知名UP主,2,4762304,128,306,,
211005705,网易第五人格手游,https://i0.hdslb.com/bfs/face/77e84ffdb2533ebb79de43d75f3cc87801054566.jpg,修仙官方，我秃了也变强了,保密,6,TRUE,第五人格 官方账号,2,4610685,522,1688,,
10558098,黑镖客梦回,https://i0.hdslb.com/bfs/face/3e84a195ffa855961911689a49f754f1e3612a61.jpg,商务合作V X armorBaby,保密,6,TRUE,2024年百大UP主，2018年百大UP主,1,4608394,60,383,,
2920960,大祥哥来了,https://i1.hdslb.com/bfs/face/c72fee3b75a352f6a8d6c3e98bf0e050afa0caa0.jpg,"商务合作v：dxg9177 谢绝一切探店推广
微博：@大祥哥来了",男,6,TRUE,bilibili 2021百大UP主、2019年度黑马UP主、2021年度巅峰主播,2,4533561,624,400,,
3380239,神奇的老皮,https://i1.hdslb.com/bfs/face/e7c191e9be6764107415069b36f7d9564f149c86.gif,中二特效，最皮团队！  合作加wx: amazing_lp,男,6,TRUE,bilibili 知名UP主,2,4503303,229,251,,
11870568,拉宏桑,https://i0.hdslb.com/bfs/face/047b747ba0f47353b312a89b4216a04f035ad316.jpg,"体验100种不同的人生！其他各平台同名@拉宏桑 我亲爱的朋友们，有啥好建议可以私信我哦！合作vx:mzlzmlz
",保密,6,TRUE,《爱唱歌的大学生》节目研学生 拉宏,1,4463256,659,476,,
1335713025,知了解压萌物,https://i0.hdslb.com/bfs/face/a1c04363e92cdc30fadc578a57a25447a3694583.jpg,分享解压有趣的自然故事，非严肃科普。仅在B站独家更新~工作V：zhiliaojieya(请注明来意),男,6,TRUE,2025百大UP主、2025年度公益UP主、知名UP主,2,4363809,147,181,,
730732,瓶子君152,https://i1.hdslb.com/bfs/face/c894b369f73e720da9c350a487f3cd8cd8349986.jpg,各位点个关注再走呗 ,男,6,TRUE,2025百大UP主、2023百大UP主、知名UP主,2,4285346,339,351,,
3546630773016865,时代少年团,https://i1.hdslb.com/bfs/face/cffb453787f60a1f13cd49deecc5974e2dad40ff.jpg,,保密,6,TRUE,时代少年团官方账号,1,4199571,5,1179,,
196356191,翔翔大作战,https://i2.hdslb.com/bfs/face/2834cc59f3bf789d8b5d02c741eeaaebc52f1659.jpg,"合作（v）：yx-030106
",保密,6,TRUE,bilibili 2019百大UP主、知名UP主,1,4117479,109,522,,
3493260093819171,李维刚的日常,https://i0.hdslb.com/bfs/face/4917c09bdfd5e72f08a04d2c752de48a848a1318.jpg,"很庆幸一直能做温暖的有趣的事
愿一直初心不改，一直给大家带来欢笑和温暖
没有线上买卖！不要转账！健身培训请加tssa666lwg",男,6,TRUE,手工达人,0,4062115,29,114,,
8047632,哔哩哔哩弹幕网,https://i0.hdslb.com/bfs/face/0c84b9f4ad546d3f20324809d45fc439a2a8ddab.jpg,哔哩哔哩 干杯  ( ゜- ゜)つロ,男,6,TRUE,哔哩哔哩弹幕网官方账号 ,2,4010783,78,260,,
515993,枪弹轨迹,https://i2.hdslb.com/bfs/face/f47fae877fc26e3ada182b01a65c00dc006d0334.jpg,纯热爱  商务合作v：Eryuzqx  交流群760230904,男,6,TRUE,2019百大UP主、2020百大UP主、2021百大UP主,2,3959073,277,395,,
3493260618106936,伤心欲茄222,https://i1.hdslb.com/bfs/face/1f0cb64d9b62da7db7e6e020b78b6872dbffe55c.jpg,你染上八嘎区up主了？你疯啦！合作：nasu222（备注来意） 小号@小小茄222 *素材源自网络 侵联删,保密,6,TRUE,bilibili 知名搞笑UP主,2,3937173,247,432,,
2142762,老戴在此,https://i0.hdslb.com/bfs/face/986a9f29848d17b39a99e41557d56dcd1091a3a9.jpg,商务联系 LDshangwu@foxmail.com 邮件直接注明你的QQ或VX ,男,6,TRUE,2024百大UP主、知名游戏UP主,2,3911466,570,144,,
585267,-纯黑-,https://i0.hdslb.com/bfs/face/e8ab7b02d6576f4141ea857734b68b9dd35a5730.jpg,半退休中，没有签约，随缘出视频，偶尔看心情直播，但会随机刷新在别人的直播间,保密,6,TRUE,bilibili 2020百大UP主、知名UP主、直播高能主播,1,3902401,0,528,,
11125629,子非秋月,https://i0.hdslb.com/bfs/face/d5e8148c82f7fbc9c731f796bdb6af3d4a786868.jpg,"为你讲述打动人心的故事，每个人物，都可以成为主角。《纵马踏花向自由》作者。
合作请联系：moonlight5018",男,6,TRUE,bilibili 知名UP主,2,3845605,354,588,,
1343321779,央视农业,https://i1.hdslb.com/bfs/face/c9e24623ccc91cd26c2894d2a1880dc6dc6a28c4.jpg,可能是中国功率最大的村广播站吧,保密,6,TRUE,CCTV-17农业农村频道新闻部官方账号,1,3829538,26,1673,,
147166910,雨哥到处跑,https://i2.hdslb.com/bfs/face/4267567b355286e2004d76eedcdafed6da317192.jpg,商务合作?V：ygdcp888,保密,6,TRUE,2025百大UP主、2020百大UP主、知名UP主,2,3790320,294,474,,
38568774,鬼叔黍,https://i0.hdslb.com/bfs/face/a83642200435825ab2ea90bc562a4fd50043fb9f.jpg,"商务联系助理v：gssswzy01（说明来意）。
讓子彈飛一會 那些喧鬧會自己停下，一位热爱游戏的普通玩家。",保密,6,TRUE,bilibili 知名游戏UP主,2,3665554,1527,1348,,
16794231,靠脸吃饭的徐大王,https://i0.hdslb.com/bfs/face/bedeaff079199d30bf9c439f08d6068e8a94b0ab.jpg,认证信息：B站知名颜值UP主 投稿邮箱：lolxulaoshi@163.com  商务：hyqiuqiu19（非本人）,男,6,TRUE,bilibili 2020百大UP主、 知名游戏UP主,2,3620518,318,1628,,
3032988,密子君,http://i2.hdslb.com/bfs/face/7a8d14249171e09448f4ddba1e0129584257825f.jpg,"带你一起密食天下，做个快乐的吃货！
合作QQ：2727844336（公司/职位/项目）",女,6,TRUE,bilibili 知名美食UP主,1,3607035,95,646,,
508103429,帕姆的收藏夹,https://i2.hdslb.com/bfs/face/df94fc7fefe34ecafbd700621948484d25b32402.jpg,恭喜开拓者发现了一只加班中的帕姆！关注获取帕姆收藏的珍贵留影及活动资讯~,保密,6,TRUE,崩坏：星穹铁道官方账号,1,3588208,3,207,,
1195284234,李白尼的猜想,https://i0.hdslb.com/bfs/face/a1faae3e1943c67e0a88ad1af7329aeed7d4616b.jpg,多点好奇，多点猜想，多点意思。,保密,6,TRUE,2023百大UP主、知名科普UP主,2,3578521,187,155,,
8096990,啊粥粥啊粥,https://i2.hdslb.com/bfs/face/79c1cf49166f6354d8814e93a4c8e1b55cfc03f2.jpg,真理的反面，是另一个真理（INTP/戊辰/机梁）,保密,6,TRUE,2023百大UP主、2021新人奖UP主、知名UP主,2,3557211,1343,207,,
73528331,摩斯神探,https://i2.hdslb.com/bfs/face/7a3ccfa2d021bc1212ffdd5ea637d098a1475d9f.jpg,"隔三岔五讲一部好电影！
商V ： hr950926",男,6,TRUE,摩斯神探官方账号，知名影视UP主,2,3552009,89,376,,
1659651634,七颗猩猩QKXX,https://i1.hdslb.com/bfs/face/e48329f6999d331dcb3cb5ca7ecf2b4b1100d83d.jpg,承蒙厚爱，多谢关注！合作：Wangzhixin928邮箱：qikexingxing@qq.com,保密,6,TRUE,七颗猩猩官方账号，搞笑视频UP主,1,3550619,30,948,,
1780480185,飓多多StormCrew,https://i0.hdslb.com/bfs/face/5fad57003b0c7f22bbb377f1f19d86868210b71c.jpg,,男,6,FALSE,,2,3487825,44,86,,
4474705,孤独的美食基,https://i1.hdslb.com/bfs/face/df188387360d6ad90f9e36ac4aaea68ed9f3c9be.jpg,"不专业美食分享，梦想是快乐地过小日子，揪咪（≧?≦）
商务wx：373258489",男,6,TRUE,bilibili 2020百大UP主、知名UP主,1,3455982,207,186,,
15960317,碰碰彭碰彭,https://i2.hdslb.com/bfs/face/739613f8787e7def3a54ff6e4f0d44494f6252bf.jpg,"民族的就是世界的合作
商务 VX：sanrenxingdada
",保密,6,TRUE,bilibili 2022百大UP主、知名音乐UP主,2,3376678,55,477,,
50660116,上班族的便当,https://i1.hdslb.com/bfs/face/7ea9421f12f55459f27fdd2f7a6892dc3d8fddcb.jpg,商务VX：s1012295607  据说关注我的都暴瘦脱单保研身体健康吃嘛嘛香...,保密,6,TRUE,2025百大UP主、2024百大UP主、知名美食UP主,2,3357134,104,1293,,
29296192,虫哥说电影,https://i1.hdslb.com/bfs/face/b830989d9b8af6001da511a8a95b0ea806c11b60.jpg,【商务合作】wx：cywh378,男,6,TRUE,bilibili 知名影视UP主,2,3346545,155,727,,
501554611,春晚,https://i1.hdslb.com/bfs/face/be70c3c06eb400fdd12fbb4b20dd52cdd7ab5a79.jpg,中央广播电视总台《春节联欢晚会》,保密,6,TRUE,中央广播电视总台春节联欢晚会官方账号,1,3323309,1,768,,
19319172,差评君,https://i0.hdslb.com/bfs/face/229599e175faafa1855c0f103d512e8b469b5aad.jpg,Debug the World！商务合作请加V：maguabd01,保密,6,TRUE,bilibili 知名UP主,2,3309014,222,445,,
703186600,麻薯波比呀,https://i1.hdslb.com/bfs/face/826f6c258199edc87d5722a56e8a8f963686dbba.jpg,你装模作样的戴我的九筒做什么？,男,6,TRUE,bilibili 知名UP主,2,3293832,29,448,,
3404595,卡布叻_周深,https://i0.hdslb.com/bfs/face/2ac5c9dbef48290847084d08a473b00c422bc24f.jpg,hey！你只是懒，而我，我是一只鸽子。,保密,6,TRUE,歌手 周深,1,3274547,0,62,,
4856007,迷影社,https://i0.hdslb.com/bfs/face/93aca2d4032e06c4ac2d460758d260193c69a4ba.jpg,哔哩哔哩电视剧官方账号,保密,6,TRUE,放映厅迷影社账号,2,3266679,101,36980,,
9008159,花花与三猫CatLive,https://i2.hdslb.com/bfs/face/1871c834255ffea531f699164e70f0daebc7558b.jpg,,女,6,TRUE,bilibili 2019百大UP主、 知名UP主、直播高能主播,2,3265087,470,348,,
339233162,X调查,https://i2.hdslb.com/bfs/face/ce557171752f76af43dd4b1f441a3a8fe7b0afc1.jpg,大家好我是Will，这是一个讲故事的频道,保密,6,TRUE,bilibili 知名科普UP主,2,3256366,34,667,,
18343098,河野华,https://i0.hdslb.com/bfs/baselabs/f9c5bdd66e1cbcef05c96cd7b6c34d923d68a9f3.png,"理工科毕业的魔法使
想成为动物园园长
正在记录《河野华的忧郁》
Please follow  me
糖 香料 一切美好的事物，还有化學物X",女,6,TRUE,2024百大UP主、知名UP主,2,3251937,354,176,,
474853499,李如儒也是李蠕蠕,https://i2.hdslb.com/bfs/face/8da8eac46ef637b771efeabf4b7b4b093d34dea5.jpg,做人呢 最重要的就是开心了！,保密,6,TRUE,bilibili 知名UP主,2,3209423,23,509,,
433351,EdmundDZhang,https://i1.hdslb.com/bfs/face/50900541a74f7875867c38a1e8e572b44b388060.jpg,嘿! 工作请联系邮箱hanmin_0101@126.com 我的B站直播: live.bilibili.com/5050,男,6,TRUE,2025年度商业新势力奖UP主、2021百大UP主、2022年度巅峰主播,2,3177218,62,462,,
21778636,中国日报,https://i1.hdslb.com/bfs/face/53a3ea3b4c173fc30b2ef4677fb9c915e49faaef.jpg,这个up主不定期皮一下,保密,6,TRUE,中国日报官方账号,1,3164323,140,9861,,
11684621,太阳星sunstar,https://i2.hdslb.com/bfs/face/edcd0f2f12cedf723c9e5c18c5f824ecd4c50f9c.jpg,商务微:graystuka (非本人，请备注项目)  故事是用来放松的~ ,保密,6,TRUE,bilibili 知名UP主,2,3156451,505,460,,
1379165407,-超级小能猫-,https://i1.hdslb.com/bfs/face/9ba5a55b282a55ac2eb29267ad9ccab381678934.jpg,喜剧的内核是悲剧。商务：BO_66_xiaomai,保密,6,TRUE,bilibili 知名搞笑UP主,2,3156172,107,403,,
52250,视角姬,https://i2.hdslb.com/bfs/face/851025ed4bc57ad6ae82a6314e72e249fd21d604.jpg,商务合作请加微信：himekami12（添加请备注）,男,6,TRUE,bilibili 知名UP主、直播高能主播,2,3076701,270,405,,
250111460,蜡笔和小勋,https://i2.hdslb.com/bfs/face/8a8812e0a9bb3adda90044ef48830584e1efe7a2.jpg,知识干货小百科，双人搭档来唠嗑 I 微博@蜡笔和小勋 I 邮箱：labidakashe@163.com(蜡笔打卡社),保密,6,TRUE,bilibili 2020百大UP主、知名UP主,1,3071641,148,182,,
230926815,阿星and阿奇,https://i0.hdslb.com/bfs/face/bdf3288dd751d6a4e567c8342b9e855ac8f47bcd.jpg,搞笑媒体本体，粉丝群：806649206，商务LWY54726,保密,6,TRUE,搞笑视频UP主,1,3054516,126,268,,
46470268,央视军事,https://i1.hdslb.com/bfs/face/9dcc59c2e51aa7b9f178463903cbd4daab351dd2.jpg,中央广播电视总台国防军事频道官方账号,保密,6,TRUE,央视军事官方账号,0,2991174,59,3457,,
480959917,良田田田,https://i1.hdslb.com/bfs/face/982e691f2c446201091f0a0b6797b792d7765af6.jpg,各花各有各花香,男,6,FALSE,,2,2982696,17,223,,
296092268,碎嘴企鹅,https://i2.hdslb.com/bfs/face/6834fe6edbac29a5a4a064d0d94f909f51842695.jpg,低谷才是常态,男,6,TRUE,bilibili 2022百大UP主、知名搞笑UP主,2,2950073,105,301,,
11646119,正直讲史-李正Str,https://i2.hdslb.com/bfs/face/731fb5fcf881ff103e735d4e620f9a69363d6d2c.jpg,立志讲1000位人物的天津历史UP主。商务合作+SiempreYI,保密,6,TRUE,2025百大UP主、2024百大UP主、知名科普UP主,2,2936363,201,171,,
3546888255048212,特厨隋坡,https://i2.hdslb.com/bfs/face/4a6a6e459f71080664d3952957f2eafc02418b85.jpg,"没错这真的是我
美食没有对错 但应该有要求
希尔顿、洲际酒店行政总厨
师承国宴大师-郑秀生先生
商:17200323262",男,6,TRUE,bilibili 知名美食UP主,0,2907213,9,94,,
508416316,本喵叫兔兔,https://i1.hdslb.com/bfs/face/dd3ca18b9504ea0db42655446efd533795811e17.jpg,"猫德学院院长
流浪小奶猫的终结者
绑架团伙首要头目
领养V: maodexueyuan02
商务V:TuTushangwu1(注明品牌）",保密,6,TRUE,2023百大UP主、萌宠视频UP主,2,2891922,167,562,,
17409016,爱做饭的芋头SAMA,http://i1.hdslb.com/bfs/face/2182d21ff5ae520f392f55b59022bc17f43b4943.jpg,誓做贵站第一鸽见！ ,保密,6,TRUE,bilibili 2019百大UP主、 知名UP主,1,2876864,254,118,,
45107914,桃黑黑Tor,https://i1.hdslb.com/bfs/face/d06ecb2119ea2bdc320c0f189ab2ab65adc4180a.jpg,之前b站一直有工作人员在帮忙分发，所以可能看大家评论不太及时～之后都由我自己来管理了，会发布一些游戏录屏在这里～（以及一些需要分发的??,保密,6,TRUE,桃黑黑官方账号,2,2851568,30,153,,
268941858,磊哥游戏,https://i0.hdslb.com/bfs/face/538b9090c0862782df0662b2176e726eda1c9980.jpg,我是磊锋,男,6,TRUE,bilibili 知名游戏UP主,1,2839616,16,3060,,
1986039004,Tiger西西,https://i1.hdslb.com/bfs/face/b3d716b3f46f687c91a8fa46b61bf21b61ff4c90.jpg,感谢大家的关注和支持 有问题评论看到会尽量回复 商务合作v：xixi-hezuo,保密,6,TRUE,bilibili 知名美食UP主,1,2744489,89,299,,
386869863,培根悖论唠唠嗑,https://i0.hdslb.com/bfs/face/225b8ef554ed65ac3c5e137262a252ef4b411e64.jpg,从影视跑题到生活，跟你唠点有用的和没用的。 WX：oyxlcjk（麻烦注明来意）,保密,6,TRUE,2025百大UP主、2024百大UP主、知名影视UP主,2,2724128,207,592,,
1958342,水无月菌,https://i2.hdslb.com/bfs/face/f9c8a8ecb20f3e1a8cb7f93c579e06a40f01ecb2.jpg,什么都玩儿～偶尔随缘直播，本人没有任何群（也没有加任何群哦）谢谢你这么可爱还关注我哈哈哈哈哈，只在b站投稿哦！,保密,6,TRUE,2025百大UP主、知名游戏UP主、直播高能主播,2,2713911,212,244,,
486287787,IC实验室,https://i0.hdslb.com/bfs/face/a81986ecf0275b23ee8a6b3066ad0244d7e42163.jpg,关注大众消费、互联网商业和流行文化。@IC实验室，全网同名。,保密,6,TRUE,bilibili 2020新人奖UP主、知名UP主,2,2712069,136,537,,
632887,伢伢gagako,https://i1.hdslb.com/bfs/face/38d85946c9cd0cf159e4d646be63fad36c2486c1.jpg,抽象元气，向着光芒前进！全平台同名～双胞妹妹@一只嘎嘎扣；商务合作请私信！,女,6,TRUE,2025百大UP主、2024百大UP主、知名UP主,2,2708888,279,327,,
470962000,落九川,https://i1.hdslb.com/bfs/face/c79a4d736236255643ed2ca51a8475d38a2c8bc0.jpg,一个笑blue齿的女孩纸,保密,6,TRUE,bilibili 知名UP主,2,2694935,135,122,,
6336952,老李船长,https://i1.hdslb.com/bfs/face/ded6f91c6937d0935412e362a1157264760ad3b4.jpg,商务合作wx：laoliforwork  （非本人）请备注合作！,男,6,TRUE,2025百大UP主、2024百大UP主、知名UP主,1,2690368,425,577,,
348989367,沫子瞪片,https://i0.hdslb.com/bfs/face/a2131d38a2ea73f16ff25e61dbeb40377233f552.jpg,祝大家天天开心！商务合作vx：18532040925,男,6,TRUE,bilibili 知名影视UP主,2,2689589,163,927,,
20457232,一只吐槽圆,https://i1.hdslb.com/bfs/face/bc2f05efa553aa28def1cc1198bb7920993730bd.jpg,"圆圆的脸 损损的嘴(??????)??
商务tucaoyuan@hotmail.com烦请附公司后缀
不签MCN
",保密,6,TRUE,bilibili 知名UP主,1,2671885,69,332,,
34009507,-显眼宝-,https://i1.hdslb.com/bfs/face/13b9f8b60804357d903cbfb38f69dd837a32f941.jpg,"超级大社恐?? ? 
战斗暴龙型i人
素质不详，遇强则强
商务请联系：Fadachai-here
大柴工作室出品",女,6,TRUE,bilibili 知名UP主,1,2633457,70,136,,
1497463202,晓艳教英语,https://i2.hdslb.com/bfs/face/a88c9e1dcb223514403ee99e3f98c618853ffcfc.jpg,亲爱的同学们，全套课程在我主页点击【小店】,女,6,FALSE,,0,2627731,30,959,,
498099165,一颗小兔娘,https://i0.hdslb.com/bfs/face/035c2c9e95c5487d0a9aca28c36f0cb20b0afc3f.jpg,可以不活不能没活,女,6,TRUE,兔娘官方账号,1,2610071,24,640,,
1618410357,吃不饱仨战士,https://i0.hdslb.com/bfs/face/3266bb1d6e99b29aa8cd218b83f0b1e45858771a.jpg,仨健身战士寻找优质自助餐厅 三大绝技：串串翔、拌饭飞、吸鑫大法 商务合作：cjlaidp,保密,6,TRUE,吃不饱仨战士官方账号,2,2599192,23,33,,
3546875066059052,高司令-速凌电竞,https://i2.hdslb.com/bfs/face/5ac3fad739c5cce9a87b8d6223d4052732c74be0.jpg,"护航下蛋vx公种呺：速凌电竞
注意速凌电竞蓝v认证
只有这四个字其他都是冒充！！！
哈夫必换馒头福唔呺搜：三角洲西西西商行
",男,6,FALSE,,2,2589881,44,94,,
1455861172,剑客范十三,https://i1.hdslb.com/bfs/face/22bbff153cd72367ba69d553ee5853f321529324.jpg,从酒店员工到五项世界纪录保持者，感谢有你相伴！合作请加：fanshisan013。,男,6,TRUE,2025百大UP主、2024百大UP主,2,2550357,26,246,,
7349,STN工作室,https://i2.hdslb.com/bfs/face/5bc1308ef3ac8eed73ed98ad4770f960547688d3.jpg,玩游戏&讲段子的。 商务 ：STN_7349（请注明来意）,男,6,TRUE,2025百大UP主、知名游戏UP主、直播高能主播,1,2537747,233,1429,,
3461572842228424,牛小豪吖,https://i1.hdslb.com/bfs/face/e9242dde084b6c1ad20e87cf12e61eebfcec49f7.jpg,"商务合作
NXH567567
注明来意",保密,6,TRUE,牛小豪官方账号,2,2518630,6,347,,
434378423,闫帅奇,https://i2.hdslb.com/bfs/face/44e5f42034d48ea71dc7e4be0e6a9a5a6845629b.jpg,"探索全球健身文化
帮你来到身体的黄金状态！  
商务合作: 3167207852@qq.com",男,6,TRUE,bilibili 知名运动UP主、bilibili课堂优质讲师,2,2509734,1112,351,,
178690106,搞机所,https://i2.hdslb.com/bfs/face/1d04316b1eb19a97d950a368af672421ff6224ee.jpg,淘宝店：搞机所电脑 微博:搞机所 商务合作微信gjsffff ,保密,6,TRUE,2023年度商业影响力、知名科技UP主,2,2509168,509,1138,,
304578055,Mr迷瞪,https://i1.hdslb.com/bfs/face/a873a9c4eda5dd6183014ded6194251ae95c278f.jpg,装修科普，定期开团 关注公众号迷住获取二维码。VX：mrmideng6,男,6,TRUE,2025年度商业影响力奖UP主、2024百大UP主、2023年度商业影响力奖UP主,2,2508095,226,497,,
394609671,终极小腾,https://i0.hdslb.com/bfs/face/9fb58015e9584916246cb33af4773ad1edabeead.jpg,"见过最好的，才知道自己真正想要什么
zjxt2020@qq.com",保密,6,TRUE,bilibili 2022百大UP主、知名汽车UP主,2,2472864,80,161,,
7481602,安州牧,https://i1.hdslb.com/bfs/face/2cb8dc454c1b8d34d3690a3031f616c91832527e.jpg,可能是，历史学里最想拍电影的。,男,6,TRUE,2023百大UP主、知名科普UP主,2,2459063,180,253,,
226231535,智勇双全富贵君,https://i2.hdslb.com/bfs/face/f63d4962dd2dcf4d2cc9cae63cd01a2049f32dab.jpg,最近视力越来越差了，都看不到口袋里的钱了。节目效果，看个开心。商务：Ddddddf6,保密,6,TRUE,bilibili 知名UP主,1,2442298,43,111,,
407045223,二次元的中科院物理所,https://i0.hdslb.com/bfs/face/978ea07f22e54c2e62f01def8e815b59adacc5d0.jpg,没错，在下中科院物理所，请多指教。,保密,6,TRUE,中国科学院物理研究所官方账号,2,2421087,1595,1427,,
942755,迷影至下Filmlast,https://i2.hdslb.com/bfs/face/f67d68fb42cf550e624e5db4730388bb5c7eeb56.jpg,【万字拆解】带你重温经典电影（顺便讲点花絮做点解析）商务合作请恰：filmlast@163.com,男,6,TRUE,2025百大UP主、2024百大UP主、知名影视UP主,2,2399272,761,759,,
8263502,橙飞一下,https://i2.hdslb.com/bfs/face/86fbb87fdf4d5ec1ba3bb7b56131d8265d36ffcd.jpg,"人二为仁，人仁忍韧。全马pb3:29:37，半马pb1:40:27。
美食区最能跑，跑步区最能吃，带你吃好吃又便宜的自助。曾经是小学老师。
",男,6,TRUE,美食领域优质UP主,2,2375848,293,817,,
21778075,_青红造了个白_,https://i1.hdslb.com/bfs/face/58772b63be427a2340ce780c766cad11f68c8380.jpg,私信已关，商:364233117,保密,6,TRUE,青红造了个白官方账号，影视剪辑自媒体,2,2323682,11,48,,
386406763,项真爽,https://i1.hdslb.com/bfs/face/c5e227936907b4796791a9c15ddb47e5bcf7a323.jpg,欢迎收看PUBG退役职业选手的脱单之旅很庆幸自己能做那个给你们带来快乐的人！合作V：xzssdyp,男,6,TRUE,项真爽官方账号,2,2323087,15,116,,
10462362,天天卡牌,https://i0.hdslb.com/bfs/face/355a81531dfb772fc96509b402121a3fe8ff143b.jpg,商务合作邮箱:ttkapai_hz@163.com 炉石攻略小号：天天卡牌攻略组,男,6,TRUE,bilibili 2019百大UP主、知名游戏UP主,1,2302567,254,1399,,
326246517,zettaranc,http://i0.hdslb.com/bfs/face/7ad1414215e6529dd6308a990b57ccc0a948a0c2.jpg,love and share，分享热爱。,男,6,TRUE,bilibili 2021百大UP主、知名UP主,2,2277306,112,305,,
1155574439,真子日记,https://i2.hdslb.com/bfs/face/025e62927222dc7979b00eca7c19c55f80587c08.jpg,神反转王者级别神仙美少女！合作+wyls0662,保密,6,TRUE,bilibili 知名搞笑UP主,1,2269732,26,479,,
14781644,老烟斗官方,https://i2.hdslb.com/bfs/face/1722f8806de219cf40a75617aef34e9cfd87284e.png,看透商业与时代的底层逻辑！（商务&合作联系vx：wuqihangxing，记得备注哦~）,保密,6,TRUE,bilibili 知名UP主,1,2265847,224,196,,
477676711,田一名sir,https://i1.hdslb.com/bfs/face/4e30dae85d2e529924322aa328b20ee0e98427e1.jpg,热爱音乐，用心生活。??面试：Bxwenhua 商务：XSJ2025319,男,6,TRUE,田一名爱唱歌官方账号,2,2254343,17,391,,
649661652,胖龙的小生活,http://i0.hdslb.com/bfs/face/57ea78f573e9003880fc965932a1c93ad145cd59.jpg,简简单单，过好每一天,男,6,TRUE,bilibili 知名美食UP主,1,2245406,18,1538,,
617285,芒果冰OL,https://i2.hdslb.com/bfs/face/f40b734ef61f95f8adb3beca5b7b693db399c50e.jpg,商业合作QQ:826886148，微博/公众号：芒果冰OL，QQ群824302295,保密,6,TRUE,bilibili 2018百大UP主,2,2244829,715,537,,
474803476,泡厨房的顾小胖,https://i1.hdslb.com/bfs/face/c40c0d41d022944fb2507cd3cfbc3241f540973b.jpg,商务Vx:Gx88592771 不标注品牌不通过,男,6,TRUE,2023百大UP主、知名美食UP主,2,2243502,129,164,,
1544008396,梗百科,https://i1.hdslb.com/bfs/face/096ce47bce303e18d35df5343887a1ea9a9bbf8e.jpg,来个关注，全球热梗轻松懂~  商务微信:torres-zhb,保密,6,TRUE,bilibili 知名UP主,1,2223392,378,895,,
3546731908171869,是许木木啊,https://i0.hdslb.com/bfs/face/dd7af55fc5361c6a343356958efce19fa6326d89.jpg,许二木授权账号非本人，B站只授权这一个账号,保密,6,FALSE,,1,2210195,4,144,,
1629347259,红警HBK08,https://i0.hdslb.com/bfs/face/66ab5bd4e218aeb663e13b6871b46b2894800416.jpg,红色警戒原版全国全能王冠军，冰天小图 2v2双料冠军，全国精英赛冠军，冰天王亚军。,保密,6,TRUE,bilibili 2022百大UP主、知名游戏UP主,1,2208093,24,3680,,
226102317,蒲熠星,https://i0.hdslb.com/bfs/face/053b29fbdc62621f080143a82ea897243ed00307.jpg,工作联系eazinone@163.com,男,6,TRUE,艺人，游戏主播蒲熠星,2,2199407,121,358,,
302338318,李炮炮儿,https://i1.hdslb.com/bfs/face/912830c3828a5f17960a16783d8e7f9687bddd6d.jpg,"感谢官方！
商务：xdwh258",保密,6,TRUE,李炮儿官方账号,1,2197347,29,274,,
16720403,pcyxjy,http://i2.hdslb.com/bfs/face/f4475f7a56a13d0553f471b0ae851fc14decb4d5.jpg,"安利所有值得喜欢的ta们 合作请私信
谢谢小可爱的关注",女,6,TRUE,bilibili 知名娱乐UP主,1,2189286,75,16871,,
3546756077848946,拉挖稀,https://i2.hdslb.com/bfs/face/a8ab87f8a7dcd6cf4f8b8a28b3ee6ceda0eacd4f.jpg,"感谢官方
带给大家快乐
哔哩哔哩只有有一个账号",男,6,FALSE,,1,2175430,7,220,,
1745143606,争取最后的自由,https://i1.hdslb.com/bfs/face/2ae4a7fcf321673035a572fea77acc3b3d1e0211.jpg,谢谢大家的支持 ,保密,6,TRUE,bilibili 知名汽车UP主,0,2170986,12,1035,,
1985127693,城阳电工电路,https://i0.hdslb.com/bfs/face/faae5daababbf652d97faedab1a25d78b654fc44.jpg," 一线电工，从业十六年，
维修安装工厂家庭各种电路，分享用电知识，各种电路维修实例视频。
   青岛地区电路问题可以电话联系我。",男,6,TRUE,bilibili 知名UP主,2,2165599,129,1084,,
20546476,元气八眉菌,https://i1.hdslb.com/bfs/face/3a852c5cafe3178ecb543db0ad5d0155227f3479.jpg,* 吃饱了才有力气快乐 *  微博@元气八眉菌 | 商务vx：bm007766（请备注合作内容）,男,6,TRUE,bilibili 知名UP主,2,2145549,250,380,,
489763089,毕的二阶导,https://i0.hdslb.com/bfs/face/6d7c9ef4e2d3147528c5d161f51bf5d604568de1.jpg,"分享科学的快乐和美！
小号:毕导
商务联系：s1012295607",男,6,TRUE,bilibili 知名科普UP主,2,2133795,54,140,,
14890801,大炒面制造者Cen,https://i1.hdslb.com/bfs/face/ddbd161cff620238122005fdbe232668c4e964ab.jpg,商务合作V：Summer6th-01（非本人）,男,6,TRUE,2021年度巅峰主播、bilibili 知名游戏UP主、直播高能主播,2,2116017,147,1343,,
316627722,世界见闻录,https://i0.hdslb.com/bfs/face/418ca1ae96680bc7d681a842d730e2057955850f.jpg,"只是说书的，图一乐就完了
见闻工作室｜商务微信：yctmoe00",男,6,TRUE,bilibili 知名UP主,2,2114163,188,573,,
24801003,口语老炮儿马思瑞,https://i0.hdslb.com/bfs/face/f6807e60ad2c822e2581075945b4776bc84078da.jpg,《老马英语》gzh跟我系统学习更多英语！,男,6,TRUE,bilibili 知名UP主,2,2106845,72,394,,
327757321,摸鱼事务所,https://i1.hdslb.com/bfs/face/93c8bd776691b3b114b5e06f5c8dff96a28f7c82.jpg,我们除了上班对啥都感兴趣。,保密,6,TRUE,2025百大UP主、摸鱼事务所官方账号,1,2104745,48,515,,
646732586,瞎问虾猜丶,https://i2.hdslb.com/bfs/face/cd42b4703a5fd030e2a533dc740abc6cdffc2bba.jpg,赛博史官，记录互联网每周发生的梗和热点。,保密,6,TRUE,bilibili 知名搞笑UP主,1,2066875,208,656,,
450882837,一叮当猫一,https://i0.hdslb.com/bfs/face/d1860f1dc772903037f0048c149b2b445e6bcc74.jpg," 商务合作VX quyueqiu32
 不是所有人都能找到他们的太阳 猫家军游戏粉丝群：1034669818",保密,6,TRUE,bilibili 知名游戏UP主,2,2055173,860,821,,
174949313,闲不住的阿俊,https://i2.hdslb.com/bfs/face/c81edbabdceb0fa71b7bb83453a6805dedafb528.jpg,"熬了三年
最终我还是放弃了拍电影的梦想回农村养猪了
家里有妈妈，为了她永远闲不住
",男,6,TRUE,闲不住的阿俊官方账号,2,2027211,28,565,,
570064,章北海official,https://i1.hdslb.com/bfs/face/645f6e958a0b6bf8d34a1ae396302cf112dd1a3c.jpg,分配公平 文化包容 社会平等 舆论开放，这就是社会主义,男,6,TRUE,bilibili 知名UP主,1,1970300,619,290,,
451296298,我是不白吃,https://i1.hdslb.com/bfs/face/3d75fe7fa91391ff2ed3d03c732727e6aba67d2f.jpg,地道真美食，好吃又会吃，就是不白吃～ 短视频商务合作：bubaichi88 ,保密,6,TRUE,我是不白吃官方账号,2,1952409,42,1285,,
189866857,国防时报TV,https://i1.hdslb.com/bfs/face/b9b52e8399b0e6e3905055bccf3864665a17f74c.jpg,《国防时报》创刊于1989年1月5日，全国公开发行。我们的征程，是星辰大海！合作投（gao）稿（shi）请戳私信 →_→,保密,6,TRUE,国防时报官方账号,2,1946952,341,5291,,
652239032,IGN中国,https://i2.hdslb.com/bfs/face/4c9095a6fc7d6ef7bf97ee1c65767f537763c60c.jpg,玩游戏也就图一乐，合作请私信联系。,保密,6,TRUE,IGN中国官方账号,0,1904474,30,20827,,
121225592,TOM表哥,https://i2.hdslb.com/bfs/face/0bf1e6042cefcac1d1e45e337e0d1c347d862547.jpg,以最真实的视角，带大家了解电信诈骗。,男,6,TRUE,bilibili 知名UP主,1,1904037,71,46,,
331514361,苏醒游戏解说,https://i0.hdslb.com/bfs/face/dd578b65eb0a8beaff6f4677c76cf9cfc0ce75b4.jpg,"自家猛男保镖，公众号：枫人院电竞
哈夫币换大米，公众号：卸腿信息咨询部
跑刀，公众号：苏醒花来商铺
抽奖号是骗子，请勿上当受骗",男,6,TRUE,bilibili 知名游戏UP主,2,1867913,55,2078,,
53737196,食事史馆,https://i2.hdslb.com/bfs/face/caa9d6afe048e20f2fc706ae43323da16c3e4241.jpg,"～～～～～关于吃的那点事儿～～～～～
工作联系：llu503477@gmail.com",保密,6,TRUE,2025百大UP主、知名UP主,2,1860097,308,160,,
11498155,安森垚,https://i1.hdslb.com/bfs/face/c899aa91fad96d1b3a49dd0a7e09da0c6ce23f30.jpg,就随便扯扯吧 商务v：ansenyao3,男,6,TRUE,科普UP主 安森垚,2,1819625,58,313,,
452606628,王师傅和小毛毛,https://i0.hdslb.com/bfs/face/024a29e8cf627ac388faf9152f42e940b7b01cc6.jpg,山猪吃细糠~,男,6,TRUE,bilibili 2022百大UP主、Vlog领域优质UP主，王师傅好为人师官方账号,1,1818645,167,494,,
522653994,大象新闻,https://i0.hdslb.com/bfs/face/004082fc2ecfba940f63416685741aad721a37be.jpg,河南广电大象新闻官方账号 报料电话0371-6588 8888 邮箱daxiangbaoliao@163.com 商V：DAXIANGMCN,保密,6,TRUE,河南广电APP官方账号,1,1812311,77,38203,,
123938419,嘻咦啊看,http://i1.hdslb.com/bfs/face/170e1009846dd3ad8cdcd4050527b9cf2ecf67ab.jpg,眼保健操开始……,保密,6,TRUE,bilibili 2018百大UP主、嘻咦啊看官方账号,1,1805626,13,77,,
294675407,夏叔有好货,https://i2.hdslb.com/bfs/face/eb3eed7ea1b7b9f2cb629ccad01f5bf0721cc7ce.jpg,"工作中我是国宴大厨，生活中我是孩子父亲
您正好需要，我刚好专业
商务合作：15117971878",男,6,FALSE,,0,1780644,55,656,,
1208823126,大圆镜科普,https://i0.hdslb.com/bfs/face/9c34ee4b8041dd6f2139c52287c8d34a0a42f230.jpg,科技之大，艺术之圆，哲学之镜天桥脑科学研究院旗下大圆镜工作室“用AI做最好的视频”（每周四更）,保密,6,TRUE,bilibili 知名科普UP主,1,1774127,141,98,,
624052719,切片计划,https://i0.hdslb.com/bfs/face/1e6e299a944f139da64a889126ece71fce9d499f.jpg,"用影像、感受力与女性的眼睛，打开世界的另一种观看方式。
合作请加：qiepianjihua",保密,6,TRUE,bilibili 知名影视UP主,1,1773573,113,120,,
542246263,白昼小熊,https://i1.hdslb.com/bfs/face/da1bef4da4016d46b848c5db708e4be0b0c6c8db.jpg,"·分泌快乐d小彩虹
  视频剪辑调色都是自己 ( ?? ?)
·全平台同名！ ig：angel_bearrr",女,6,FALSE,,1,1755832,15,269,,
177291194,DECO27_Official,https://i2.hdslb.com/bfs/face/59622e1e73df45178cc16cb53b694cd770912edd.jpg,我爱火锅!!!!!!!!,保密,6,TRUE,日本VOCALOID P主、创作音乐人,1,1738433,3,64,,
689222371,万能工具人阿伟,https://i1.hdslb.com/bfs/face/0e0eef0549f88697a1502d8c1ae04647be12d64f.jpg,"五星级酒店大厨教你做家常菜
商务微x ：19828513778（请备注来意）
直播切片@六道仙人的直播切片",男,6,TRUE,bilibili 知名美食UP主,1,1734498,54,538,,
1202350411,君在西安,https://i1.hdslb.com/bfs/face/75cb01b7d18e60ce43fbe34a2a7f948036200231.jpg,,保密,6,TRUE,bilibili 知名美食UP主,0,1697868,1,1440,,
105022844,第五人格赛事,https://i2.hdslb.com/bfs/face/0ad5325ee13cda7bdf9a05d699651cbb23b3a204.jpg,第五人格赛事官方账号！,保密,6,TRUE,第五人格赛事 官方账号,1,1693363,67,3996,,
271970833,颉斌斌老师,https://i1.hdslb.com/bfs/face/fa2ddeb41e0ca4730bede6b63ee6adf4b83cddb9.jpg,普通双非高校副教授，硕士生导师，从教22年，从事考研英语培训18年，侥幸获得学员偏爱！教学中，偶有所得，出版11本考研英语系列拙作。,保密,6,TRUE,bilibili 知名UP主、bilibili课堂优质讲师,2,1690840,113,622,,
357261525,安迪视频,https://i0.hdslb.com/bfs/face/44be7e29670fafd734a6961668f3e130ff7e7456.jpg,用心创造让观众融入的故事世界,男,6,TRUE,bilibili 知名动漫UP主,2,1665338,0,1181,,
417296980,使命召唤手游官方,https://i1.hdslb.com/bfs/face/5f055bd19f507ee33cffb77188126005f8cc9836.jpg,倾听玩家意见！争做最肝最会整活的第一打工狗~ ,保密,6,TRUE,使命召唤手游官方账号,2,1659223,111,1485,,
2083634390,一条闲木鱼,https://i2.hdslb.com/bfs/face/1b0e9d05e20c6fc08df34a98f24260e94167aaf2.jpg,坚持唯物史观，你我皆可燎原,保密,6,TRUE,2025百大UP主、知名科普UP主,2,1656957,236,270,,
22089099,手艺贾,https://i0.hdslb.com/bfs/face/6192f0ae708a9c9aa6838d699b5a9134e1ada6c8.jpg,我本手工银匠，奈何阴差阳错走上了地摊吐槽的逆袭之路！商合作V??TATT2023,男,6,TRUE,bilibili 知名科普UP主,2,1622467,27,666,,
39922227,付曦冉,https://i0.hdslb.com/bfs/face/357f37ecf3e52d69a6eba8a84702aeed26c3bc14.jpg,"不是技术党，只是爱分享！ 微博：付曦冉   
直播合作＋BeautyQ-09  商务合作+BeautyQ-07
闲聊:fxr_0727
",保密,6,TRUE,bilibili 知名时尚UP主,2,1600216,339,572,,
249115678,好运的鱼,https://i1.hdslb.com/bfs/face/c786831e251bc18df06f46f6c1cde375957102ad.jpg,谢谢你这么帅还关注我//商务wx:wqf1311481205(请备注合作品牌项目）,男,6,TRUE,bilibili 2021百大UP主、知名游戏UP主,1,1570816,92,259,,
97039736,舌尖上的老六,https://i2.hdslb.com/bfs/face/e524c1f1434133c9e7c2bf1655389ce4a517f24b.jpg,"商务合作请联系：Hey-nan （添加请注明来意）
老六唯一小号 @喵小六okk",女,6,TRUE,bilibili 知名美食UP主,2,1561131,14,691,,
30222764,洛温阿特金森,https://i2.hdslb.com/bfs/face/8991695154e980e8986b35a78e44bf52c8173b06.jpg,当彩虹失去颜色，当湖水不再清澈，像我这样的好男孩还有几个。｜商务合作请私信,保密,6,FALSE,,2,1556734,520,91,,
513305949,杨旭游记,https://i0.hdslb.com/bfs/face/b70ca845b68ce4795f6f835c58211546b883c136.jpg,"小号：@杨旭小号
奔赴山河，人间值得?",保密,6,TRUE,bilibili 知名UP主,1,1535274,0,943,,
5024187,龙三条,https://i0.hdslb.com/bfs/face/cda8fcf0a9c279d462e918fe273f008772c3c73e.jpg,原片资源私信我回复“资源”获取 / 合集从《圆蛤镇宇宙开端》往后开始就是顺序更新咧,保密,6,FALSE,,2,1529073,35,458,,
361775100,怪力老陈,https://i0.hdslb.com/bfs/face/1302cf417c3f44d1b58f0ee180c8eb87f283dfbe.jpg,"全平台同名@怪力老陈 
",女,6,TRUE,2023年度社会贡献、2022百大UP主、知名时尚UP主,2,1524690,148,525,,
411379495,吴彦祖秃顶版,https://i1.hdslb.com/bfs/face/bb1734e62ed7dee2b8c341cfa825bdd95fdc3d16.jpg,"秃顶吴彦祖本人 B站唯一账号
合作wx:suyanqi526 ",男,6,TRUE,秃顶吴彦祖官方账号,1,1519562,101,797,,
6768352,粥粥的奇妙冒险,https://i1.hdslb.com/bfs/face/414033f0366407d4e6dfc7e2cb289c556707aced.jpg,"一个努力想要画出能让大家都记住的作品的up主
【目前主投b站 油管 其他平台看心情可能会同步一部分视频】商业合作qq：2287057293 ",男,6,TRUE,bilibili 知名动漫UP主,2,1502841,500,383,,
224267770,夏日幻听MCE,https://i1.hdslb.com/bfs/face/134e7afae419331b1c2647d61eeffda33a2bcb73.jpg,MCE汉化组致力于为大家提供各类新番资讯！欢迎更多翻译校对(N1)、字幕时轴成员加入(私信UP)！,男,6,FALSE,,2,1497720,482,15901,,
353368172,AHALOLO,https://i2.hdslb.com/bfs/face/03e81799ea2390af3f5c4b9572ad75d622f16354.jpg,时尚圈著名相声博主  其他平台：AHALOLO  ,保密,6,TRUE,bilibili 2022百大UP主、时尚领域优质UP主,2,1489403,56,384,,
8034163,浅澄月,https://i1.hdslb.com/bfs/face/28abe5c53184c2705c3c29784733847e930d4487.jpg,每周更新出生之家，正在准备每个月的大活。商务合作请私信~https://member.bilibili.com/platform/home,保密,6,TRUE,bilibili 2019百大UP主、知名UP主,2,1484024,256,310,,
1288342148,LuFee__,https://i2.hdslb.com/bfs/face/920f68f1924c5f849c6e58bce045498b616f1e85.jpg,"剪辑学习：LuFee678
商务V：So9876513
投稿邮箱：718477863@qq.com
当你不畏惧失败时，操作自然就来了",男,6,TRUE,LuFee官方账号,1,1480836,105,128,,
212345699,星辰趣味屋,https://i2.hdslb.com/bfs/face/44e4e7b87edf3f588f82d57e1f35bc37bee0f399.jpg,商务合作V：a2927032331,男,6,TRUE,bilibili 知名UP主,2,1465630,237,247,,
256237759,我叫小渔人,https://i1.hdslb.com/bfs/face/590e1bbd098493c86038a94ce240bf80d627a760.jpg,难道这就是不关注的借口~ 商务合作请加微信：yihanxueli（非本人）wjxyr34567(本人）,男,6,TRUE,bilibili 知名UP主,2,1458755,82,628,,
298054634,马哥巨离谱,https://i2.hdslb.com/bfs/face/e36386dee63a713cb1cb47c4bbd3b60532bb9e70.jpg,自从关注这个up之后整个人都精神了！ ,保密,6,TRUE,bilibili 知名UP主,2,1446134,565,327,,
241679003,小叮当的伙伴们,https://i2.hdslb.com/bfs/face/39f559b599ae0f273a5f7457a7d67110a6dfe5a0.jpg,四个抽象大学生和一根香蕉up主，深大机电学院理工男，追求拍啥像啥。商务合作15889483994,男,6,TRUE,2022年度新人奖UP主、bilibili 知名搞笑UP主,2,1436853,249,108,,
19248926,孤烟暮蝉,https://i2.hdslb.com/bfs/face/b6ef567cc83c4ab09b7682c729e85a145aa0b4e2.jpg,珍惜公知，远离未来！,女,6,TRUE,孤烟暮蝉官方账号，科技UP主,2,1430275,31,3557,,
106320250,warma养鸽场,https://i1.hdslb.com/bfs/face/0158d4c603801e0934bb23c8b478ccc8561d585a.jpg,你好呀~我的大号是@Warma，我会在这里投一些游戏实况、电台、日常小碎片，合作邮箱：chickenfish@vip.qq.com ,女,6,TRUE,bilibili 知名游戏UP主,2,1426784,6,87,,
2009929,咝小喵MAO,https://i1.hdslb.com/bfs/face/e20885b553bf6cc579daa50717f7d2bdfab041dd.jpg,【星辰成员】应援群：976435460，直播通知群：853951873。合作联系QQ或VX：88252354。,女,6,TRUE,bilibili 知名舞蹈UP主、直播高能主播、2023年度巅峰主播,2,1421309,403,419,,
1368498772,你哇哥233,https://i1.hdslb.com/bfs/face/ee1fd70a2281f9631ef70e404471cf5f1ac58e82.jpg,主页课堂里有各种单曲的全曲教学～商业合作直接发私信 直奔主题简单描述 ,保密,6,TRUE,bilibili 知名娱乐UP主,2,1417518,8,319,,
21330948,隔壁班的喵会长,https://i0.hdslb.com/bfs/face/75a4a80496daacb478496f6a0aaf4d3ab357393d.jpg,商务工作vx：maoxiaomiaov(备注来意～）快乐星球??(ˊωˋ*)??,保密,6,TRUE,bilibili 知名UP主,1,1410636,708,132,,
11684516,拉草莓的西瓜JUN,https://i2.hdslb.com/bfs/face/435ce171e445d6dc602d69d6a5425dfdfff1f9a0.jpg,平平淡淡才是真~新浪微博：@西瓜_JUN,男,6,TRUE,bilibili 2018百大UP主、知名UP主,1,1398108,46,139,,
1954997940,午餐肉艺术家葛世贤,https://i0.hdslb.com/bfs/face/89bc8ba3eee0ebead5dc644983d7012caba8c13d.jpg,"风餐本周二到周四晚上8点到11点营业
集牧推荐：青羊万达店。
每天凌晨0点更新，做第一个祝你生日快乐的人",保密,6,TRUE,bilibili 知名美食UP主,2,1377958,44,1901,,
1192648858,何同学工作室,https://i1.hdslb.com/bfs/face/d23781a855a64b37ba4cdd0c594c9c5a3a09f5bd.jpg,老师好我叫何同学工作室 合作请联系：xhaxx1123@163.com,保密,6,TRUE,何同学工作室官方账号,1,1377190,11,55,,
2029306,-评头论足-,https://i1.hdslb.com/bfs/face/90c87ce17a6234b7ab4e0ffb7179f45e9613d0a1.jpg,商务合作信箱：pinggaoda@qq.com,男,6,TRUE,bilibili 知名动漫UP主,2,1352614,1,1094,,
278332595,HE物理课堂,https://i2.hdslb.com/bfs/face/37b29e7c14fec0dd90e2283c92ef8e4aa19d7e7c.jpg,"专注初高中物理教育教学！打破传统授课模式，只做“高效/全面/易懂/系统/有趣”五位一体的优质课程，从初中到高中伴你一路成长 
",保密,6,TRUE,bilibili 知名UP主,2,1347351,30,112,,
1813797500,#NAME?,https://i2.hdslb.com/bfs/face/213d6f4320a4267b956c1e72a35dcb284b1e38fa.jpg,99年工人的舞蹈日常，舞龄11年啦，直男！直男！直男！商务vx：hyqiuqiu19 商务q：445591408,男,6,TRUE,2025百大UP主、知名舞蹈UP主,2,1343339,349,302,,
2147413451,吟游诗人咣当,https://i2.hdslb.com/bfs/face/a5b4112d8004d75e020472c2bcc77124d77db53e.jpg,"这个法令纹深重天天咩咩叫的丑猫猫叫咣当，是个田园串串女孩子，已经7岁啦！
不可商用",女,6,TRUE,bilibili 知名萌宠UP主,2,1337531,92,1099,,
1809444890,三角洲-安澜,https://i2.hdslb.com/bfs/face/e714b2642ce045e441a21dd29e94a72d3f7f3f8e.jpg,"九命猫培丸/粑粑出租  下蛋：
找师兄妹搜索服务号：三角洲九命猫
仓库出租搜索公众号：粑粑三角洲（不错字）
商务联系：FAmle-Bird",男,6,TRUE,bilibili 知名游戏UP主,2,1323282,156,140,,
423517587,蛋某人音乐,https://i0.hdslb.com/bfs/face/b76dbca1c8077ec91b14f73c237f49ae816f835b.jpg,路就在脚下,男,6,TRUE,bilibili 知名音乐UP主,2,1299224,460,1129,,
3211302,艾尔十六,https://i0.hdslb.com/bfs/face/5e173d9ce56378bc4fde67aa0fa11034d4e5aab1.jpg,旧坑填坑中，新坑挖掘中，商业合作请私信或微博，新浪微博：@艾尔十六  （个人商务VX：aier1616）,男,6,TRUE,bilibili 知名UP主,1,1287665,1514,648,,
1640739521,管不饿,https://i2.hdslb.com/bfs/face/cfcea876af1245b2638d2085368cb1dc57466e3f.jpg,"生活无趣 小管卖艺 祝你身体健康！天天开心！
杂技视频??请勿模仿??喜欢点点关注吧?
搬运注明出处??",保密,6,TRUE,bilibili 知名UP主,2,1280470,14,344,,
50111839,小琨爱小蛊,https://i1.hdslb.com/bfs/face/080862af2ad53cae818db05191968fc4d306899a.jpg,致力于所有人都能看明白的，最详细，最易懂的攻略+杂谈视频。商务合作+V：xiaoxianygan66，也可查看花火名片。,女,6,TRUE,bilibili 知名游戏UP主,2,1262906,1312,1647,,
41291201,yakeso_,https://i2.hdslb.com/bfs/face/57a8b1bcfa95a60d89139a6670246d25145e61d6.jpg,原创系列QXU01。我是夜草，正在努力地把那个世界的故事搬到这里来^O^,保密,6,TRUE,bilibili 知名动漫UP主,1,1257455,90,83,,
25480023,花生説,https://i0.hdslb.com/bfs/face/8661e5fb4b7f0409e414197675349d32bf009876.jpg,"用心做长视频
商务合作V：HuashengTest 请备注来意 ",保密,6,TRUE,bilibili 知名科技UP主,2,1243638,893,982,,
282645129,泽华君呀,https://i0.hdslb.com/bfs/face/794dec6e0a865f1e3214c6d18b677c4d912da533.jpg,商务：SRXZPR（非本人，备注来意）,保密,6,TRUE,bilibili 知名UP主,0,1237157,23,262,,
160972207,NZ75鸽,https://i1.hdslb.com/bfs/face/d34b09d7384a454b73144d00349667b7992fa7a7.jpg, 商务vx：a18646202967/QQ：1455204842，杂食向玩家，托帕宵宫赞妮厨，不要吵架和和谐谐的哦~,保密,6,TRUE,bilibili 知名动漫UP主,2,1234409,727,419,,
8365699,郭本尼,https://i1.hdslb.com/bfs/face/3ce90cff218ea393de8487cfa38a878a1ba168a2.jpg,"【合】邮箱：754294493@qq.com
爱看热闹郭本尼",女,6,TRUE,bilibili 知名UP主,2,1229914,199,368,,
626752044,海潮有点潮,https://i0.hdslb.com/bfs/face/e8c729b9b68e2ffb308d151076b4d92c9155f4d6.jpg,【勿忘初心 方得始终】【所有视频仅代表个人观点】【非专业测评，只是敢于说真话】,男,6,TRUE,bilibili 知名UP主,1,1229572,15,809,,
533996453,王筱沐沐丶,https://i2.hdslb.com/bfs/face/2b72b8403d44e37aa35bca6ff439c6bd739149e6.jpg,应用商店（电鸽）搜（王筱沐沐）商单平面广告影视剧短剧+ 小助理Wxxyy080306（周边也找他）这里是一只爱跳舞的沐沐，希望大家玩得开心,女,6,TRUE,bilibili 知名UP主、2023年度巅峰主播、2024年度巅峰主播,2,1222428,77,808,,
13829896,白日妄想家,https://i1.hdslb.com/bfs/face/8376a28be5d9a293bedeef6af236e7997807af46.jpg,"美学｜一个热爱电影和美学的UP主！
让我们放慢节奏
去感受美，生活和电影。
欢迎关注哦！",女,6,TRUE,bilibili 知名影视UP主,2,1200722,158,161,,
34728585,极速拍档-NANA,https://i0.hdslb.com/bfs/face/453e6d56a8bc114b43b3b977c8d44ba9b3369f17.jpg,"是一个会玩车会开飞机和爱音乐的娜娜
说不定哪天就带你们漂移呢(???????)??*",女,6,TRUE,bilibili 知名UP主,2,1186126,166,184,,
1060544882,东洋雪莲,https://i2.hdslb.com/bfs/face/4cbf2f66d23a324ecca8d3c07adbcafecfef829b.jpg,主做AI翻唱二创，感谢三连捏，没有在音乐平台上传翻唱，其他音乐平台账号都不是我,保密,6,TRUE,bilibili 知名UP主,2,1180050,160,439,,
4249401,20岁了还没去过星巴克,https://i0.hdslb.com/bfs/face/f414404c2722feea44a6c1fbf404c818f09b7649.jpg,请一直赋予我一直出发的勇气！商务vx：DixonZhou1207，微博：二十岁了还没有去过星巴克，油管同名。,男,6,TRUE,bilibili 知名UP主,2,1169097,848,339,,
4477242,文化遗产搬运委员会,https://i0.hdslb.com/bfs/face/1bf7201b56f88c0dcc0f7c5553976d3302b8e29f.jpg,日月盈昃，辰宿列张～商务微信：RUI1720600958,保密,6,TRUE,知识领域优质UP主、 bilibili课堂优质讲师,2,1163510,660,241,,
245069296,迷影区间,https://i1.hdslb.com/bfs/face/a4aae4a3495cd589c21ee0d79d684ac82352c62b.jpg,光影中的潜行者，从玻璃镜子的那一个方向，往返穿梭于那个被称为“The Zone”的模糊领地。,保密,6,TRUE,2025百大UP主、知名影视UP主,2,1158830,1069,178,,
1870883193,猫后生,https://i0.hdslb.com/bfs/face/2314ea25bbc2252b8e1e342893725d19fdc3bbff.jpg,感谢您的关注！V：MHSPYX,男,6,TRUE,bilibili 知名搞笑UP主,1,1153427,54,542,,
11292325,柒叶Qiye,https://i1.hdslb.com/bfs/face/ba8855ca29297555af2f333497f36d6915a7341a.jpg,"欢迎来到柒叶的神话志怪宇宙  用幽默解构文化内核，用质感做出好东西！
商务合作：qiye2699（非本人）",女,6,TRUE,bilibili 知名UP主,2,1145579,27,93,,
508215481,火兰朋克,https://i1.hdslb.com/bfs/face/51a932f7c15b887d66f5040b6801fc14b75511e5.jpg,作品为主，只做观众，人设无意，共同进步。 商务合作： LanHuoFox   ,保密,6,TRUE,bilibili 知名游戏UP主,2,1141275,374,257,,
203680252,AYCS2,https://i1.hdslb.com/bfs/face/cf421068a26ce754e95a46e7cee101b5b04dbb02.jpg,私信会看 关注才能看到 回复晚请见谅  / QQ音乐ID：茉莉Ylayla / 商务请先私信,保密,6,TRUE,bilibili 知名游戏UP主,2,1137685,282,1770,,
97077404,留声社,https://i2.hdslb.com/bfs/face/39b276671975783af54a96abe538a284fd047d23.jpg,"人类命运共同体·文明世界新秩序｜在留声社，与小镍一起全球吃瓜～
合作微信：yctmoe00",保密,6,TRUE,bilibili 知名UP主,2,1126498,204,67,,
1387592680,北美运动学博士Bruce_PhD,https://i1.hdslb.com/bfs/face/7b8cce70b0937a5c158d297324612fb2d119f4e6.jpg,专注生物生理｜运动科学｜力量训练｜伤病康复｜商务合作wx: klergixl01,男,6,FALSE,,2,1110743,53,65,,
21131684,刺客边风,https://i2.hdslb.com/bfs/face/7d8e287d403f0b3f2fcc6b5f61417ed9ee7b530d.jpg,看完封面，直接去！不懂，就纸条问！,男,6,FALSE,,1,1101580,3112,130,,
75480955,念熙阿,https://i1.hdslb.com/bfs/face/c054ef8bd21efb38f8d6cc78fd8e7135c4b996a8.jpg,"一个臭直播的，每天晚上8点播，梦想是直播间座无虚席！每周一休息，感谢关注！小号@尝尝我的火力大喵
商务合作：kiss605767577",保密,6,TRUE,bilibili 知名游戏UP主、直播高能主播,2,1100330,439,778,,
3546741475379844,摄影恩哥,https://i0.hdslb.com/bfs/face/b497e49b5418b6c0cc18f5f3d80c6c08a1048d5c.jpg,"全网同名摄影恩哥
照片点评创作分享
职业摄影师
欢迎投稿玻璃心慎重
评论区随机挑选图片
好的作品会让更多人看到
商务yyl601781852",男,6,TRUE,bilibili 知名UP主,2,1082817,8,207,,
376057527,兔牙Sinar酱,https://i0.hdslb.com/bfs/face/c7ece325cb939d6ec8c0d418220d8064e9f4d0a2.jpg,舰长+卫星 周五六固定舰限周日公开直播（可黑屏上） 唠嗑Q裙：768336654(注明b站来哦)合作请b站私信~,女,6,TRUE,bilibili 知名舞蹈UP主,2,1062106,213,484,,
1408106571,柏年说,https://i0.hdslb.com/bfs/face/364b4285d3f60bd7101d73fc01a6a06801a77763.jpg,前基金经理，兼职财经作家、职业投资人。视频文案在同名公众号：柏年说，欢迎加V：tides42,男,6,TRUE,柏年说政经官方账号、bilibili课堂优质讲师,2,1061974,6,61,,
3537108222347306,颜值区,https://i2.hdslb.com/bfs/face/ea2f34eddddeaa056016d126b292337dc2a88e98.jpg,"挑战收藏全网高颜值妹子，小目标先收藏一千个
素材来源网络，出处在标题，自行剪辑的

无水印视频和图片放在动态置顶网盘了，做成合集了，求赞！",保密,6,FALSE,,1,1061553,102,435,,
487614876,四川观察,https://i0.hdslb.com/bfs/face/9987ee148559c5c8807859e0d6b0e8f2cf0839a4.jpg,居然被你观察到了～～,保密,6,TRUE,四川广播电视台官方账号,2,1054840,49,14199,,
30952147,大温温温,https://i1.hdslb.com/bfs/face/dd7fc95453a9d36ac9d47f43ee3e84c8c5f5fd84.gif,"社畜，兴趣使然的宅舞UP
商务vx:shuiriminA【不是本人，请备注品牌】
微博@温温温温累成狗
会拉黑不礼貌、玩烂梗，骂人替我挡灾~",保密,6,TRUE,bilibili 知名舞蹈UP主,2,1046621,384,296,,
14546601,Muc虚空之翼,https://i0.hdslb.com/bfs/face/e9bc5e352e6891cdcaf904346f7e47672f87e468.jpg,历史系ACG杂食up主，只做自己喜欢的东西/合作烦请联系微信：Bleach-hao0226,男,6,TRUE,bilibili 知名动漫UP主,2,1044334,456,369,,
2109776,符瑶koritsu,https://i2.hdslb.com/bfs/face/971f60ab89c565d38bb61b9c6d08ec90bfe6669e.jpg,"声音多变男孩子，恰瓜评论第一名
商务v:PSP-Pennatus，商务qq：645565604",男,6,TRUE,bilibili直播高能主播,2,1042870,3397,414,,
516314798,小西设计所,https://i2.hdslb.com/bfs/face/66348951995dcd34aca32dbf0bbbd614563e3aeb.jpg,圆脸七分财，不富也镇宅。商务v: xiaoxidaisy1 ,女,6,TRUE,bilibili 知名科技UP主,2,1032104,636,227,,
512087790,植物大战僵尸2,https://i0.hdslb.com/bfs/face/b3d1a2a3de81c75d85cf5887b85a3276e651aa4d.jpg,努力成为b站最有活儿的游戏官方，记得下载《植物大战僵尸2》，爱你～,保密,6,TRUE,拓维信息系统股份有限公司官方账号,2,1029519,1191,1028,,
50295692,邓峰萌萌摔肿了,https://i2.hdslb.com/bfs/face/713a3be89cf249f46da935ab047f17e75edab850.jpg,"稀有色英短英长繁育人，WCF双世界冠军猫舍
猫舍旗下自用食品&用品自主品牌 —— 金故
直播时间：每周日12点和晚9点",男,6,TRUE,萌宠视频UP主,1,1027196,84,1915,,
105502937,足球故事-李治霖,https://i2.hdslb.com/bfs/face/d999b3f6f90005b5f69f2d2069879eba9e486e27.jpg,商务：lzlsw003 ，粉丝：GodTop001 ,男,6,TRUE,bilibili 知名运动UP主,2,1023333,484,329,,
1742004653,寅山,https://i2.hdslb.com/bfs/face/4707036ef1c36c692f4bfed0ad55a1a0886819e7.jpg,商务V：6666378,男,6,TRUE,bilibili 知名短剧UP主,1,1019985,55,99,,
7394394,极客羊,https://i0.hdslb.com/bfs/face/d448d9e1e8d857b6dc0d709b8dc8d8251f74d5e6.jpg,新开了个小号更新日常：羊羊君pro！  商务合作V：heathtata（数据维护、MCN勿扰）,保密,6,TRUE,bilibili 知名游戏UP主,2,1017200,2,481,,
299732210,-TS映画-,https://i2.hdslb.com/bfs/face/2218fa12c8558d5bd105d38957df6494205ccf01.jpg,手书制作请私信//商务联系:W588M3（UP本人）,保密,6,TRUE,bilibili 知名动漫UP主,2,1014582,514,477,,
548196587,床哥乡村美食记,https://i2.hdslb.com/bfs/face/d2dca5de13f8629f405b7e424cc17113095c6125.jpg,,保密,6,TRUE,bilibili 知名UP主,0,1004996,50,1218,,
396657882,叶玲秋雨,https://i0.hdslb.com/bfs/face/39418591fe2c7d1ce4152f74eab5c830b8a93977.jpg,要天天开心噢～不定期更新,保密,6,TRUE,bilibili 知名UP主,2,932190,525,78,"(5.398, 5.998]",TRUE
476967268,TomCat团座,https://i1.hdslb.com/bfs/face/c8bf8a7330a37588f7f0332a8f3cc8365b9907a5.jpg,每周六、周三晚8点30分直播～,保密,6,TRUE,bilibili 知名UP主,2,922113,527,297,"(5.398, 5.998]",TRUE
46508980,俊鸿,https://i1.hdslb.com/bfs/face/a1589d4a49f0ccd39f4061dc3988d305104f45f1.jpg,"球场抽象派行为艺术家
商务合作jooohonglam（注明来意）
合作走花火平台",保密,6,TRUE,bilibili 知名搞笑UP主,2,909208,25,323,"(5.398, 5.998]",TRUE
506761354,快乐的苏胖,https://i1.hdslb.com/bfs/face/ca69e344486afb6391fbcdaf00ba0583425066df.jpg,祝你天天开心，我亲爱的朋友,保密,6,TRUE,bilibili 知名UP主,2,903646,4844,92,"(5.398, 5.998]",TRUE
92345772,ONLee_Studio,https://i0.hdslb.com/bfs/face/de6fa47605ea91182757620381810f5ed793b409.jpg,频道争取每周两更，最少一周一更，如果没做到这句话就当我没说过。爱你们哟～ 商务wx112ppc,女,6,TRUE,bilibili 知名UP主,2,834236,76,484,"(5.398, 5.998]",TRUE
18026414,蔚蓝边际,https://i2.hdslb.com/bfs/face/f27615ae72c9ee51b893b9cb70f6fc8e6ba38750.jpg,不务正业的音乐区up主，追求多样化风格,保密,6,TRUE,bilibili 知名音乐UP主,2,819567,333,205,"(5.398, 5.998]",TRUE
41692445,Naiyok柔桃,https://i2.hdslb.com/bfs/face/d371ba800d1992ebbb31e269f592ed42c25d4743.jpg,"谢谢主人关注，包月充电m 
先收藏小目标一千个 素材来源网络，出处在简介，如侵删！商务 + zd20260113",保密,6,FALSE,,0,815181,10,418,"(5.398, 5.998]",TRUE
13148307,Project_SEKAI资讯站,https://i0.hdslb.com/bfs/face/2fac0573c125fc020a89dcf2ca930e157bbc1900.jpg,『プロジェクトセカイ カラフルステージ！ feat. 初音ミク』非官方情报资讯站｜字幕组审核群487038672,保密,6,FALSE,,2,758135,263,1974,"(5.398, 5.998]",TRUE
627947058,红衣大叔周鸿祎,https://i0.hdslb.com/bfs/face/b23c19b98cf279d49a47c56a30f769ba6cee7d1e.jpg,"国家网络安全守卫者
AI技术趋势科普推广
数字科技产品体验分享
中小企业商业赚钱教练",男,6,TRUE,360公司董事长兼CEO,0,729913,24,1656,"(5.398, 5.998]",TRUE
43484780,蒙哥马利愛学习,https://i2.hdslb.com/bfs/face/e13340353698301f500dc66a0328d1a8e38c9e75.jpg,"年轻人自己的动物世界！
视频主打温暖治愈和助眠！
XV:zmzs522
（视频素材均来源于网络，版权和赞美属于原作者，如有侵权请联系删除）",保密,6,TRUE,bilibili 知名萌宠UP主,2,713151,61,556,"(5.398, 5.998]",TRUE
25333161,白熊ONEヽ,https://i0.hdslb.com/bfs/face/2055f87819281a20f64c62361805e818193f3699.jpg,商务合作请加qq445591408或vx:hyqiuqiu19,保密,6,TRUE,bilibili 知名鬼畜UP主,2,711059,791,451,"(5.398, 5.998]",TRUE
25911961,龙大人不喷火,https://i1.hdslb.com/bfs/face/6f8de9082e9d1290d2e2e732444917974b4a9c03.jpg,全网同名；有个小群：892209720；合作+V：jayzm20111;Leepace0613(商务用),保密,6,TRUE,bilibili 知名鬼畜UP主,2,702956,284,290,"(5.398, 5.998]",TRUE
3494366343596867,中国山取,https://i2.hdslb.com/bfs/face/0bc0ee81ed8647308326c5a1b5cf01654b5d16d9.jpg,山取—隐匿于山野中的神秘机构 致力于寻找自然界的稀有物质 该品牌主要从事矿物颜料 同时由该品牌主理的「山取奖」已成为全球影响力极高的艺术奖项,保密,6,FALSE,,1,692854,7,22,"(5.398, 5.998]",TRUE
1172141822,罗爷爷的动物园,https://i2.hdslb.com/bfs/face/55ccf38b9830f6daf1af2a3f34c398e6b25b8cb3.jpg,"分享罗爷爷与动物们的故事
所有收益均用于动物园
地址：湖北省恩施土家族苗族自治州恩施市东风大道361号凤凰山森林公园动物园",女,6,TRUE,bilibili 知名UP主,1,684864,12,160,"(5.398, 5.998]",TRUE
5878572,核动力路灯,https://i0.hdslb.com/bfs/face/1201762ebd2205f61a8e8deaf03489c3dd5b52b2.jpg,不定时更新 太阳说是 商务合作请加微信xhqy003 特殊弹幕不会授权啦！ b站独家，稿子b站内可以当bgm,保密,6,TRUE,bilibili 知名鬼畜UP主,2,667253,318,342,"(5.398, 5.998]",TRUE
1031950747,王嘉一本人,https://i1.hdslb.com/bfs/face/a83ef0a2515e8fe9ac3e3495ff51eee548a11484.jpg,"原：挖草真帅
电八番薯 本命黄叽
唱歌不是科班 纯属热爱?
Q音/网抑云：王嘉一（单曲|完整版）
感谢你们喜欢我的翻唱",男,6,TRUE,bilibili 知名音乐UP主,2,646452,16,369,"(5.398, 5.998]",TRUE
1330927429,一朵叔叔,https://i1.hdslb.com/bfs/face/4e605501572f03a846a4345f43b698ea0fd2b9f1.jpg,"原作者
谢谢乖娃娃们，爱你们。
各平台有时更新不一，请反复横跳。
作品里一切人事物皆为想象之物。
商务合作：YIDUO-A",保密,6,FALSE,,1,619970,6,15,"(5.398, 5.998]",TRUE
46897637,白日梦实验室,https://i2.hdslb.com/bfs/face/8b58358daec14cb53ae3e5f5cc36246a26b15151.jpg,"干大事！挣大钱！做大梦！
欢迎+v15600708574进粉丝群",保密,6,FALSE,,2,580803,116,122,"(5.398, 5.998]",TRUE
392475261,Way-HYX,https://i0.hdslb.com/bfs/face/ea9b18d8df761ac87ecd9d56671ce7c5ffd2c33e.jpg,"大二/舞蹈老师.自学舞蹈.编舞扒舞音乐剪辑后期全一人完成.
ig: way_hyx
VX：whayyx430",男,6,TRUE,bilibili 知名舞蹈UP主,1,566791,315,234,"(5.398, 5.998]",TRUE
3546608109095338,ILLIT,https://i1.hdslb.com/bfs/face/6f2a25673834f6ee320d33866b42bf2b6099da1c.jpg,BELIFT LAB 旗下女子组合 ILLIT,保密,6,TRUE,ILLIT组合官方账号,2,530943,0,349,"(5.398, 5.998]",TRUE
106086780,央视财经,https://i0.hdslb.com/bfs/face/6cf5d190feca828a367e5fa0c01883c41530b286.jpg,虽然不是特别皮…但这里是正经的CCTV2官方?ω? 快关注我们吧 价值 一触即发~,男,6,TRUE,中央电视台财经频道官方账号,1,517363,25,5279,"(5.398, 5.998]",TRUE
11718651,阿阳菜子,https://i0.hdslb.com/bfs/face/c82524fdb425c77b61db07f017b73a6efefcc684.jpg,"不喜欢我妆容的请划走或者拉黑 谢谢
是个圆脸普通人  没礼貌的人直接进小黑屋，想出啥出啥别管
有男友勿扰 平台同名 
",女,6,FALSE,,1,480915,566,581,"(5.398, 5.998]",TRUE
436197297,小凌漆漆,https://i0.hdslb.com/bfs/face/a2ea36e9e630959c699e169d98311c935a029c91.jpg,商V：xlqq_hs,保密,6,TRUE,bilibili 知名游戏UP主,2,441113,41,3446,"(5.398, 5.998]",TRUE
509786892,修车大全,https://i0.hdslb.com/bfs/face/3eabc2bd9d822fe31e7307d1af007d8668e7c39a.jpg,明着赚钱，没有任何套路,男,6,FALSE,,1,435850,24,457,"(5.398, 5.998]",TRUE
32507603,孙子团_舞团招新,https://i2.hdslb.com/bfs/face/93b396fc6c989dea67780c5cf4fe6cd6cb9971f6.jpg,"【演出咨询】btszd0614
? 韩国StageK中国代表队冠军舞团
? 东方卫视《舞者》任嘉伦战队
? 优酷《了不起舞社》正式队员",保密,6,TRUE,bilibili 知名舞蹈UP主,2,422696,131,736,"(5.398, 5.998]",TRUE
456064813,好奇的珜,https://i1.hdslb.com/bfs/face/2367e06f1225cde2626c52b403b9088e91afc19b.jpg,拆解和分析我们每一个平凡的事和物，愿我的视频能够帮助屏幕前的你和我，合作：cqkjxyxx（备注来意，不教学）,保密,6,TRUE,bilibili 知名UP主,2,412293,201,61,"(5.398, 5.998]",TRUE
22335470,酸子阿,https://i2.hdslb.com/bfs/face/375e0e348fa35ea3dba611b1224b19befafca02b.jpg,"每走一步都算数。
合作微信：SuanZiA

陪阿酸走过漫长岁月。微博同名，会发些日常照片，欢迎找我来玩^ - ^",女,6,TRUE,bilibili 知名UP主,2,362898,181,48,"(5.398, 5.998]",TRUE
3632315081165507,品茶老陈,https://i2.hdslb.com/bfs/face/69344682fc06022202e2a7080cd898682ddd5905.jpg,"高级品评茶员、30年老茶人（还有一个心地善良的儿子）
策划拍摄剪辑都是小陈，没有团队，所以更新比较慢",保密,6,TRUE,bilibili 知名UP主,0,352345,5,41,"(5.398, 5.998]",TRUE
2378703,泡面面面面O皿O,https://i0.hdslb.com/bfs/face/b50f6cd7b4a0e7b4b27f12db3d1961153575f7fc.jpg,咸鱼中，接摄影后期。粉丝群574182082,女,6,TRUE,bilibili 知名舞蹈UP主,1,349405,955,338,"(5.398, 5.998]",TRUE
3546902503098598,木槿暖橙Hibis,https://i1.hdslb.com/bfs/face/6daed08b1df22c08b97aa25de61bb3a17ad1b353.jpg,新人up求关注,女,5,FALSE,,0,336929,1,690,"(5.398, 5.998]",TRUE
2053879295,颜小白靓仔,https://i2.hdslb.com/bfs/face/819d7f6a79fe74d8e363145536ab0bafb791169f.jpg,商务合作走花火或私聊，iwanna粉丝群：155381310，怀旧粉丝7群：974622510 ,男,6,TRUE,bilibili 知名游戏UP主,2,322990,499,291,"(5.398, 5.998]",TRUE
27033880,抖漫工作室,https://i1.hdslb.com/bfs/face/bb87b6d3fe9f94bb3308b6a54310d69676121295.jpg,《斗罗大陆2绝世唐门》《终极斗罗》正在热播中！商务洽谈pointcomic@qq.com 官方qq群：737798043,保密,6,FALSE,,1,314775,35,1437,"(5.398, 5.998]",TRUE
8848648,罐头鉴赏家,https://i1.hdslb.com/bfs/face/699d7cf4ba02e3be8cb05b2e642f401249c401ce.jpg,重新出发版！大家笑一笑就好了！,男,6,TRUE,bilibili 知名美食UP主,1,308466,368,435,"(5.398, 5.998]",TRUE
2137589551,李大霄,https://i1.hdslb.com/bfs/face/36c6c582f0b54245fbc5e4abfca2615963891369.jpg,做好人，买好股，得好报。合作：lidaxiao111邮箱：chinalidaxiao@126.com注：已婚非单现有家室（平台唯一账号）,男,6,TRUE,前券商首席经济学家,1,298490,11,2013,"(5.398, 5.998]",TRUE
1127791040,卷毛懂个球,https://i2.hdslb.com/bfs/face/3683d8248452bedde0b9b5d642f2bb61baea4512.jpg,二十一世纪世界艺术瑰宝，世界第九大奇迹，国家级行为艺术家。有盗视频的麻烦帮我举报一下！举报成功有奖！,保密,6,TRUE,卷毛懂个球官方账号,2,297267,48,281,"(5.398, 5.998]",TRUE
698396117,老萧说车,https://i2.hdslb.com/bfs/face/b4011848490a7aaed0e56ed83f48f8994de5a8da.jpg,跟着我，每天学习一点有用的汽车知识！,保密,6,FALSE,,1,283848,5,1486,"(5.398, 5.998]",TRUE
9199433,萱草daylily,https://i2.hdslb.com/bfs/face/02b19999b535d39eb6bfda74abb5545f87b31d5b.jpg,不签公司！中介勿扰！合作请私信！上课式干货视频多，喜欢长视频的请多多关注哦，私信尽量回！,女,6,TRUE,时尚领域优质UP主,2,281034,110,972,"(5.398, 5.998]",TRUE
3546902496807007,海棠浅粉Begonia,https://i1.hdslb.com/bfs/face/9546ea6caad0d704e43b895a871901fbbbaaa061.jpg,新人up，喜欢的话可以点点关注点点赞,女,5,FALSE,,0,275532,4,702,"(5.398, 5.998]",TRUE
3546715770588065,内部看美国,https://i2.hdslb.com/bfs/face/c5236a33428c159467e4fa82bcd5ed9f7ca59f16.jpg,在美国流浪十年的老中,男,6,FALSE,,2,266249,30,197,"(5.398, 5.998]",TRUE
1842784265,东北辣椒哥,https://i2.hdslb.com/bfs/face/7c3fd95b8edd310a8eb9203bf7913d88f3f239b4.jpg,肢体残疾，五脏六腑没问题，铁胃吃辣椒，钢牙嚼鸡鸭鱼头！,男,6,FALSE,,0,244116,114,1350,"(4.798, 5.398]",TRUE
17057196,屑芙蒂,https://i0.hdslb.com/bfs/face/9834c63887869a8c667ca81438a0889d58e6eabe.jpg,妮姬国际服群：1035092390（新群）胜利女神国服群：1042090239商务请私信,保密,6,TRUE,bilibili 知名游戏UP主,2,240757,92,1289,"(4.798, 5.398]",TRUE
440237866,摔哥秀,https://i1.hdslb.com/bfs/face/067673fc2d70c374efa5568c2f778cd686403318.jpg,商务合作：ROE941（添加请备注来意）,男,6,TRUE,bilibili 知名UP主,0,235308,64,992,"(4.798, 5.398]",TRUE
3546972954823646,梓渝工作室,https://i2.hdslb.com/bfs/face/fe70520206f71d5282e8f9ae8804dcba7b3689aa.jpg,,保密,6,TRUE,梓渝工作室官方账号,2,232818,1,44,"(4.798, 5.398]",TRUE
10948471,suelence,https://i1.hdslb.com/bfs/face/4fcf784a8f4abd77f9cc0661ed3f52855d60eab6.jpg,"记下一生的读书记录
",女,6,TRUE,bilibili 知名UP主,2,216377,180,67,"(4.798, 5.398]",TRUE
401544129,科洛莫瑞兹ChloeMoretz,http://i0.hdslb.com/bfs/face/ecde7213407db16adc6693da6b821fcecbf24972.jpg,Chloe Moretz Official,女,6,TRUE,演员科洛莫瑞兹,0,208696,10,5,"(4.798, 5.398]",TRUE
3461567211375310,酥酥芸吖,https://i1.hdslb.com/bfs/face/d2d06395b3d2019e4e370afa8a826aec1e882005.jpg,"怎么还没等到宝宝你的 关猪 !
商业?作: 17855643298(备注来意）
单曲?作: skullhong52011(商务)",女,6,FALSE,,1,188501,26,158,"(4.798, 5.398]",TRUE
1841888589,葱瓜炖毛豆,https://i0.hdslb.com/bfs/face/1f8f925741dfbb726b4db0161e3c6e2983a28b41.jpg,"好狗毛豆，狗思狗想（毛豆是妹妹，1岁半）*二创请私信授权
合作：adyssie@163.com",女,6,FALSE,,0,187983,80,125,"(4.798, 5.398]",TRUE
1366297532,吹老羊,https://i2.hdslb.com/bfs/face/e43768fd132185446865258130ab677b6fdf05aa.jpg,没有推，任何平台不会以任何形式收取个人私下转账，碰到麻烦帮我举报下，谢谢大家，爱你萌（＾ν＾）,保密,5,FALSE,,0,184521,15,63,"(4.798, 5.398]",TRUE
257776093,申辣辣,https://i1.hdslb.com/bfs/face/6810eced2636faa58a7c4377a6ae700dbd85e6a2.jpg,"宝宝们充电宠粉哦请到??申辣辣充电版
@申辣辣充电版 （30档位即可）有宠粉哦",女,5,FALSE,,1,179070,45,650,"(4.798, 5.398]",TRUE
1194144659,车小白-,https://i2.hdslb.com/bfs/face/9cc5a0aae824ee21051aae1ecb7a17a3a7e1c460.jpg,商海沉浮二十年，继续沉淀还得练！,男,6,FALSE,,0,176524,4,131,"(4.798, 5.398]",TRUE
11124341,兔头秃推文,https://i2.hdslb.com/bfs/face/13929a9d112419f7fbd67f5b5136e5f7e5833624.jpg,我是兔兔，我重生了......侵私删,保密,6,FALSE,,1,176246,2119,970,"(4.798, 5.398]",TRUE
3546727422364508,DRAKSTREET,https://i2.hdslb.com/bfs/face/e645d2b38ef8c3f7638b1414200d860eef0c7804.jpg,"带你了解更多时尚潮流
我是Drakos 还在努力的潮牌主理人
感谢您的收看！",男,6,FALSE,,0,173674,6,443,"(4.798, 5.398]",TRUE
3537113112906193,腊肠是金条,https://i1.hdslb.com/bfs/face/45e10c16e962d65f407261c8ad1760ddd129551a.jpg,,保密,0,FALSE,,0,166952,1,222,"(4.798, 5.398]",TRUE
502966208,平于晏,https://i2.hdslb.com/bfs/face/db8ddaca7f09366b17901fcba2f1879b01a49235.jpg,奶牛鸟真猪～起初～想养只鸟被拒绝……,女,6,FALSE,,2,166408,8,229,"(4.798, 5.398]",TRUE
478879330,康康动漫_,https://i1.hdslb.com/bfs/face/1515cdbc8979ebb15d10d1e64deba3fa5c61ccf6.jpg,纯属娱乐，爱他就去剪他，谢谢支持,保密,6,FALSE,,2,161576,42,210,"(4.798, 5.398]",TRUE
32289484,白大UP,https://i1.hdslb.com/bfs/face/1f52a723f5d846ae3e37acaca307a09b95d47f60.jpg,"我要打游戏，我要搞机啊啊啊啊啊啊啊
商务合作联系：gjsffff
搞机交流群：949793121",男,6,TRUE,bilibili 知名科技UP主,2,157532,1223,139,"(4.798, 5.398]",TRUE
1775873691,斌斌唱杰克逊,https://i0.hdslb.com/bfs/face/c097c2e3aaa6e98c3f9d3bcb83cc09d76a04b6fb.jpg,地表声线最接近迈克尔杰克逊的人之一?原创歌曲，经典翻唱、金曲魔改、跨歌手Remix 联动、给老外演唱等名场面。热爱MJ和音乐的宝子赶紧关注,男,6,FALSE,,0,153650,1,208,"(4.798, 5.398]",TRUE
3546914725300503,AI视频教程_,https://i0.hdslb.com/bfs/face/d12d411d85da662a725753fd57ceacfc8baee4d9.jpg,大家好，我是一个沉迷“调教”AI的UP！致力于让AI从“看不懂”变成“玩得转”，拯救你的发际线和生产力！,保密,6,FALSE,,0,149871,3,49,"(4.798, 5.398]",TRUE
24650047,男巫Brian,https://i1.hdslb.com/bfs/face/e73fab88099ed7ab62b954a892865919f56d58ed.jpg,伸手 摘下了天真的星。商务合作+vx：brianww233,男,6,TRUE,bilibili 知名游戏UP主,1,146349,96,37,"(4.798, 5.398]",TRUE
486949400,英语脱敏实验室,https://i2.hdslb.com/bfs/face/0b88a9beed26c948dba6c0b083e08db5ab1df562.jpg,每日精选优质英语资源，请大家多多支持！,保密,6,FALSE,,1,146163,137,291,"(4.798, 5.398]",TRUE
9866705,不情愿出演的芥末,https://i2.hdslb.com/bfs/face/c98c4f0c095db77ce46b9df55943cc24f1a4b58a.jpg,终于找到我啦，感谢你们的关注~芥末(2020.8.11) 母 暹罗猫 禁搬运任何作品，全网同名 表情包：芥末猫猫,女,6,FALSE,,1,133802,7,722,"(4.798, 5.398]",TRUE
3546592848120041,梦限大MewType,https://i2.hdslb.com/bfs/face/873548139842a98d8077b0bd5a91cb120aac895f.jpg,超越梦想(Virtual)与现实(Real)的命运共同体(Band),保密,6,TRUE,梦限大MewType官方账号,2,128623,6,87,"(4.798, 5.398]",TRUE
602430380,备考建工小星星,https://i2.hdslb.com/bfs/face/5af95039864b8cc6f5a4723e30ea11e04f914925.jpg,消防设施操作员籽料,保密,6,FALSE,,0,124273,1433,350,"(4.798, 5.398]",TRUE
3690978005223681,_晓小-,https://i0.hdslb.com/bfs/face/73e427596c2c4c76a61d69aef6e107be5421e9bd.jpg,想要什么直接问,保密,5,FALSE,,0,121033,148,205,"(4.798, 5.398]",TRUE
1191923567,七乾秦妖Violet,https://i2.hdslb.com/bfs/face/0c1034e03be9abbedb01e438599706448bd1052f.jpg,"我是V，秦妖，目前仅在破书，音符，老福特，快乐手和b发布作品
不信谣 不传谣 不授权转载搬运
希望大家越来越好
严禁催更，谢谢
",保密,6,FALSE,,2,117324,127,29,"(4.798, 5.398]",TRUE
6316834,小研究-,https://i1.hdslb.com/bfs/face/97421f974c492f6e128cbfb10371939a0dc16745.jpg,"剪点好玩的
视频是二创 仅供娱乐请勿模仿哦
你的三连就是我最大的动力！",保密,6,FALSE,,0,117298,56,53,"(4.798, 5.398]",TRUE
72373107,徐浪浪走在马路上,https://i0.hdslb.com/bfs/face/d7d48015587d5f96f636745d84c158e9d5963a4b.jpg,"徐浪浪走在马路上
背着她重重的行囊
不知道要去向何方
最后又会被谁遗忘",女,6,FALSE,,1,115703,39,406,"(4.798, 5.398]",TRUE
3546617862949729,天空听书,https://i1.hdslb.com/bfs/face/3ec4be245a1d59c892a10fddedcf7962209e69a6.jpg,,保密,6,FALSE,,0,114363,67,159,"(4.798, 5.398]",TRUE
1905206817,洛阳网,https://i0.hdslb.com/bfs/face/be5fda9b235f5dd366d993360b379e6f8b0ea0cd.jpg,,保密,6,TRUE,洛阳网官方账号,0,113470,1,18488,"(4.798, 5.398]",TRUE
1390829728,第1眼新闻,https://i1.hdslb.com/bfs/face/914ece4841501916565a009b50787ad0a965529e.jpg,醒时捕光，睡时捉梦，不如遇见你三生有幸。,保密,6,TRUE,重庆第1眼官方账号,0,109757,29,23252,"(4.798, 5.398]",TRUE
692413825,李稳修电脑-修机稳,https://i1.hdslb.com/bfs/face/f1a84b9aa42d46e42d2260184c53fb2bf7cc1a37.jpg,wx：Applewx256   主营各大品牌笔记本电脑维修，地址：教工路23号百脑汇负一楼0C09-0C10,保密,5,FALSE,,0,107914,65,219,"(4.798, 5.398]",TRUE
1525569786,朝予夕颜,https://i0.hdslb.com/bfs/face/95ceee667b0f4662113d82fba8bd308023b0a629.jpg,"INFJ｜请注意礼貌，善意的评论都会认真看～
只是普通人｜请不要在无关场合提及我，感谢～
什么舞都跳｜社恐，不会主动关注人，但舞见会回关～",女,6,FALSE,,1,98760,60,66,"(4.798, 5.398]",TRUE
444118208,正版庞师不是师,https://i2.hdslb.com/bfs/face/6c446272afbed8b31a2d3c4442e41e22b4d247bf.jpg,"一城一味 | 用舌尖感受 | 立志吃尽世间珍馐～
看看能不能把腹肌吃没！！！
",男,6,FALSE,,2,97762,6,114,"(4.798, 5.398]",TRUE
1201924292,酱鸭我不吃,https://i2.hdslb.com/bfs/face/a705b2757f149856797e9069d2ac1b7e8f184708.jpg,@潇龙飞授权切片,男,6,FALSE,,0,94367,7,1594,"(4.798, 5.398]",TRUE
1658720232,嗨皮动物园长,https://i0.hdslb.com/bfs/face/7339bf8b645abf5e9f9aecf565f438c55c19e9ee.jpg,,男,6,FALSE,,0,94003,16,212,"(4.798, 5.398]",TRUE
16301219,小伙子软软,https://i2.hdslb.com/bfs/face/99276122a13f651c730aa1e295e9faa47d8e8a2c.jpg,"街猫猫屋守护人
已绝育流浪猫151只 个人救助36只 收养10只
猫猫侠 不止保洁 应嘎尽嘎
",女,6,FALSE,,2,91616,20,271,"(4.798, 5.398]",TRUE
511769504,C位萌宠bb,https://i2.hdslb.com/bfs/face/3c42c663ee63d56f8826c0be9d6ecc3a4d7340f9.jpg,,男,6,FALSE,,0,82229,28,789,"(4.798, 5.398]",TRUE
3546821343316698,盗圣食者,https://i0.hdslb.com/bfs/face/82e3f704231f3c8686a3a64b2a7ce419be95e755.jpg,专注于“吃”背后的故事？商务联系：dachilaoshi,男,5,FALSE,,0,77073,241,32,"(4.798, 5.398]",TRUE
1069912452,王海测评,https://i0.hdslb.com/bfs/face/499203777b86050f4d8ab5e5b46e8b85846ccb5b.jpg,"大家好，我们是一家可承接个人、企业、公检法及纠纷案件的第三方检测机构。
专注食品、化妆品等健康相关产品领域，已累计检测并曝光了一千六百多个",男,6,TRUE,王海测评官方账号,1,68495,3,665,"(4.798, 5.398]",TRUE
22567979,五鹿鸿见,https://i2.hdslb.com/bfs/face/5ddd1b5597ca0199b5f3c38cd02df96967357359.jpg,用AI作为工具来传达一些供大家解读的内容。用词可能略带讽刺，希望不会刺伤你噢！请不要人身攻击，我很脆弱,男,6,FALSE,,2,67841,2739,234,"(4.798, 5.398]",TRUE
326718497,JeremyL阿林,https://i2.hdslb.com/bfs/face/7ab158c9485b4348b0190ba87b6fe09337e5500b.jpg,(线下课报佲中)线上学习&加群&调色合作JeremyL16；擅长独立电影、网大、MV、短片剧等调色，参与多部影片后期《树的花语2》《梦魇》等,男,6,FALSE,,1,63981,147,111,"(4.798, 5.398]",TRUE
1077798136,goddance神仙街舞,https://i1.hdslb.com/bfs/face/f8e657b27f82f6b5e550d099371152b57805858d.jpg,"外号“神仙""舞龄8年&英语八级。分享: 自译制的街舞教学干货   有事请:162158816@qq.com",保密,5,FALSE,,0,61842,49,195,"(4.199, 4.798]",TRUE
513395871,广州交通电台,https://i0.hdslb.com/bfs/face/4692aaaf95ee2aa03f2c85d021ac4ee9cda5b984.jpg,,保密,6,TRUE,广州市广播电视台经济交通广播官方账号,1,57920,19,7637,"(4.199, 4.798]",TRUE
367321,冰山_hyozan,https://i1.hdslb.com/bfs/face/9cde000dcc8d09515399538fc4ff51bf3ff27b9d.jpg,头像 by 董糖,保密,6,TRUE,音乐人冰山,2,56091,453,381,"(4.199, 4.798]",TRUE
9951369,某个粉毛屑狐狸,https://i0.hdslb.com/bfs/face/29a659d61d23ab88775e61f8ae3aa34be0326418.jpg,"某个不知名的狐狸，测评v""_Yae_Sakura_""（备注品牌），小黄鱼""某粉毛屑狐狸""。",保密,6,FALSE,,2,50869,58,255,"(4.199, 4.798]",TRUE
299681626,我是子小静,https://i1.hdslb.com/bfs/face/9256e835f01b756904adfeb59d978ef3de971d92.jpg,全平台同名～B站只有这个账号～其他都是搬运哦！和大家分享有趣的生活啦～,保密,6,TRUE,我是子小静官方账号,0,50441,378,211,"(4.199, 4.798]",TRUE
3546716594768370,戒色公益宣传,https://i0.hdslb.com/bfs/face/86d3cfcd17255237ab9029c9cb194ec7b5fcceef.jpg,"但行好事 莫问前程 
初心：你做公益就不要去想着怎么发财就是不要去想着那些利益。",保密,6,FALSE,,0,49578,1015,162,"(4.199, 4.798]",TRUE
697167043,南枫织我意,https://i1.hdslb.com/bfs/face/f6b981497d08449419c6269c2ed99d943a30d036.jpg,（宠物小院）收养了几十只狗狗和猫猫。,女,6,FALSE,,2,48705,179,523,"(4.199, 4.798]",TRUE
90677065,锅锅ink,https://i1.hdslb.com/bfs/face/5af463dc8730e59205d8ac1194d394cb52ad11a9.jpg,国风水墨绘画，手稿可出，需要私信,保密,5,FALSE,,1,44674,118,31,"(4.199, 4.798]",TRUE
35648383,小羊肖恩max,https://i1.hdslb.com/bfs/face/2a583c46fe4d3ead98e7c7cb13bc71200630a8c8.jpg,边上班边发电。作品均手搓原创，素材是漫画原画，不搬不盗。（势必做到忍界大战结束，应该能保持月更...）,男,6,FALSE,,1,43651,78,69,"(4.199, 4.798]",TRUE
1707168152,呆呆说万物,https://i2.hdslb.com/bfs/face/4b4c83f8269222927abbc69aef95c215a02badea.jpg,"认真科普，偶尔抽象
科普通俗化≠不严谨 
感谢关注 理性探讨",保密,6,FALSE,,0,43237,48,193,"(4.199, 4.798]",TRUE
388653136,汤圆Axy,https://i1.hdslb.com/bfs/face/aea26f3e5c904133668725bb2990d59983020a74.jpg,没错 我来哔哩咯,保密,6,FALSE,,0,42089,43,467,"(4.199, 4.798]",TRUE
7402808,平行世界猫咖,https://i2.hdslb.com/bfs/face/d4c4f4f328570c259d639522b7b0d1743ea86ca1.jpg,"展开↓
北京第一家流浪猫救助猫咖创始人(创始于2018年)
中国小动物保护协会成员
全国大学生猫协救助联盟主席团主席
小猫谷旅游度假区创始人",男,6,FALSE,,2,40793,199,32,"(4.199, 4.798]",TRUE
3546959587576752,小小在追番,https://i0.hdslb.com/bfs/face/e849ed34b51b795bf1b8861527298dd8efa4d49c.jpg,补番中????????? ?? ,保密,5,FALSE,,0,35860,8,243,"(4.199, 4.798]",TRUE
3537105221323406,属鼠沙雕动画,https://i2.hdslb.com/bfs/face/a6b98e4e1e2d4dcd7003cd03f4d9eae85fe253ad.jpg,,保密,6,FALSE,,0,34838,4,194,"(4.199, 4.798]",TRUE
4351252,贵州2频道百姓关注,https://i1.hdslb.com/bfs/face/56e7f77e46054e68660126b19dfa7a130d8b994b.jpg,你的关心，我的关注！民生新闻栏目《百姓关注》官方账号,保密,6,TRUE,贵州2频道《百姓关注》栏目,1,34390,21,9306,"(4.199, 4.798]",TRUE
3493120861801214,二维创想,https://i2.hdslb.com/bfs/face/71d8f15d9ab9d66cfbebcd7b6500968334109c86.jpg,鬼畜UP主，内容把你创飞！希望你喜欢我的视频！感谢一键三连！（别的平台叫运河音乐馆也是本人）视频均为原创,保密,5,FALSE,,0,33477,51,255,"(4.199, 4.798]",TRUE
1486481247,喵酱娱乐呀,https://i0.hdslb.com/bfs/face/880689f8197743d28b990526b8c9ad3f9f519fb6.jpg,喜欢安利好听歌手,保密,6,FALSE,,0,33006,45,631,"(4.199, 4.798]",TRUE
1242771265,渔业枫火,https://i1.hdslb.com/bfs/face/0337bbf93647cb7f0bcdbc40d3bc70e9de005f10.jpg,"网文推文作者！最希望投帀！！！币！！
最近大家看我的视频，为什么都收藏不点赞啊？
Up主需要点赞和投币双支持",保密,6,FALSE,,0,32430,47,587,"(4.199, 4.798]",TRUE
268552373,海阔试车,http://i2.hdslb.com/bfs/face/e135f70b5be3a6fdaa73777b2e4b4118fcfaf942.jpg,,保密,6,FALSE,,0,31645,0,2096,"(4.199, 4.798]",TRUE
1142824489,鸡蛋饼阿瓦,https://i1.hdslb.com/bfs/face/b22575de5c43123a619761237c025738665ad4f2.jpg,明天吹的是明天的风,男,6,FALSE,,1,31095,318,346,"(4.199, 4.798]",TRUE
3690985898904189,蛮蛮蛮好,https://i0.hdslb.com/bfs/face/701ce71a265098a9dbea068681a8cb0a33c039b1.jpg,"全网同名
不接定制
每月掉落成品
爱你们??",女,2,FALSE,,1,30564,3,1,"(4.199, 4.798]",TRUE
3546716030634151,成功的名字叫奋斗吧,https://i1.hdslb.com/bfs/face/4ddd28b1d3246d8359073f2a5c9ab8748e0809b6.jpg,,女,5,FALSE,,0,30177,5,1224,"(4.199, 4.798]",TRUE
3546377623702308,拉各布,https://i0.hdslb.com/bfs/face/5d9853f74e0e4665c51c6a8a43365ee032a7b4f1.jpg,努力工作，拼命玩！合作请私信,男,5,FALSE,,0,29288,117,194,"(4.199, 4.798]",TRUE
1268631936,你的老闲鱼,https://i0.hdslb.com/bfs/face/9283d198324faba850aaae113c9eab3986c4ae29.jpg,"感谢关注 如有侵权 劳您私信
",男,6,FALSE,,2,28812,553,907,"(4.199, 4.798]",TRUE
405857959,伊泽葛拉米,https://i1.hdslb.com/bfs/face/7aa91c442e9be242ac6096de57a33ec572653ad4.jpg,路边一条。交流群961442621。商务合作滚。,女,6,FALSE,,2,28005,84,242,"(4.199, 4.798]",TRUE
489715452,Morenito,https://i0.hdslb.com/bfs/face/f791def9cfddd5100e718ca90737a03e8d4aa804.jpg,剧场和音乐,男,6,FALSE,,2,25935,11,113,"(4.199, 4.798]",TRUE
442925663,爱健身的飞羽学长,https://i2.hdslb.com/bfs/face/27e85e7df943d56dcdab8dc60e6152c2142bfefb.jpg,"身高：177cm 体重：68kg 招募团队：[摄像 编导 剪辑]
健身5年 让小白少走弯路 学会健身 不为流量违背初心",男,5,FALSE,,0,25709,14,833,"(4.199, 4.798]",TRUE
1813198,俊美的裤衩人,https://i1.hdslb.com/bfs/face/3838752c727e776daa21402dbee14ccdb848cfa4.jpg,同人剪辑只是为角色命运写注脚的一种方式,保密,6,FALSE,,1,25020,132,25,"(4.199, 4.798]",TRUE
442897464,太阳别出来我要睡了,https://i0.hdslb.com/bfs/face/aca3b769e0519d3a12f77066d77f88db1b5656ac.jpg,,保密,6,FALSE,,1,24325,71,53,"(4.199, 4.798]",TRUE
1794194767,娱乐可爱吖,https://i1.hdslb.com/bfs/face/ed511269b0b818c650cfe83dc54c8b130e4ce200.jpg,"谢谢宝子们的关注吖
明星&娱乐&搞笑，这里都有吖
商务合作：yulekeaiya(请备注来意吖)",保密,6,FALSE,,0,24037,10,3205,"(4.199, 4.798]",TRUE
1794712460,熊劳斯,https://i2.hdslb.com/bfs/face/851b5780ba55ebb3d3bd04bfb4590a4f03adb4ee.jpg,,女,6,FALSE,,1,23125,318,72,"(4.199, 4.798]",TRUE
1061040143,莎莎动画园,https://i2.hdslb.com/bfs/face/5ef53ae390c423347c1d9ceeb3c3aad58796d2fd.jpg,兄弟们我又来了哈,保密,6,FALSE,,0,22337,17,50,"(4.199, 4.798]",TRUE
220895159,大yi巴狐狸_,https://i2.hdslb.com/bfs/face/e2f563decffa5d32d56da4c81701057ad13d5c08.jpg,"狐言狐语！！！
全网最尊重叮咚咚的up",保密,6,FALSE,,1,21978,169,352,"(4.199, 4.798]",TRUE
3461573012097093,我是晴是黄,https://i0.hdslb.com/bfs/face/bfbb2a9204e114926398c03e8c8010c539e56d64.jpg,"谢谢大家的喜欢
《欢迎投稿》",保密,4,FALSE,,0,21879,1,71,"(4.199, 4.798]",TRUE
19752961,安安还没起床,https://i1.hdslb.com/bfs/face/0d1b44cee31c31ff9f6d1ec8e61fc0a09a420a42.jpg,"全网都叫安安还没起床
头像是我的猫
是不是很可爱",保密,6,FALSE,,1,21777,72,231,"(4.199, 4.798]",TRUE
1458436838,半途不而废的程序猿,https://i2.hdslb.com/bfs/face/a74eea874ac6029d17e113fad39db87020c4e20a.jpg,让更多热爱这行业的小猿在知识的森林里荡游，闯出属于自己的一片天地。,保密,6,FALSE,,0,21561,19,355,"(4.199, 4.798]",TRUE
3691009749813915,80K超清放映,https://i0.hdslb.com/bfs/face/e385c8808bf3f77323f76d1191307867de3820fc.jpg,关注补档不迷路，影视群:983786558,保密,4,FALSE,,0,21549,63,144,"(4.199, 4.798]",TRUE
3546975553194291,素以兔兔TU,https://i0.hdslb.com/bfs/face/613f00ff2d9b2a1a1171a2fba1e8bcb11203e31f.jpg,"记录作为二次元的每一件小事，希望你喜欢
合：Rabbitsukisuki@163.com",女,3,FALSE,,0,21233,7,30,"(4.199, 4.798]",TRUE
3546942476913385,小猪崽崽猪贝贝,https://i1.hdslb.com/bfs/face/f89bf00159390d98d5b0ee57e2080a0bcce61bd8.jpg,各种美食或者抽象搬运,保密,4,FALSE,,1,19977,8,576,"(4.199, 4.798]",TRUE
28384454,無極玄,https://i2.hdslb.com/bfs/face/2c326f711fa9f6ba8b456678be90dfdaa945f6b1.jpg,求各位大佬赞助各种Ai年度会员。科普鲁抽象区+和平区Up求关注和拉黑。,保密,6,FALSE,,0,19935,336,1291,"(4.199, 4.798]",TRUE
3546936846059540,么么huahua,https://i2.hdslb.com/bfs/face/0123931eeee52f03075cb88da308969a455cdc00.jpg,,保密,5,FALSE,,0,18551,4,372,"(4.199, 4.798]",TRUE
6139358,元何元,https://i2.hdslb.com/bfs/face/5f7c425a6886458fabe34deab409703ac6894485.jpg,谢谢爱车的你，一键三连！,保密,6,TRUE,汽车视频UP主 何元,2,17271,73,367,"(4.199, 4.798]",TRUE
61429998,胡世远,https://i0.hdslb.com/bfs/face/e52879833692beab8cb5dd6978c1d352b7198bc7.jpg,代号胖胖熊 影视民工、器材党、数码老登但乐于分享,男,6,FALSE,,0,16766,40,421,"(4.199, 4.798]",TRUE
3546877037381978,蛋仔派对银杏,https://i2.hdslb.com/bfs/face/08b3180b5bed0c0139682ac33e46d258f9f4f6f3.jpg,,女,6,FALSE,,0,16669,2,397,"(4.199, 4.798]",TRUE
1749048990,天佑动漫,https://i0.hdslb.com/bfs/face/f7e2f2f73f7812beb05d074184a6cf32fad940f3.jpg,侵权联系删除，持续更新童年动画片，喜欢看就点个关注，谢谢,保密,5,FALSE,,0,16566,232,23,"(4.199, 4.798]",TRUE
1439815342,中年騷男,https://i1.hdslb.com/bfs/face/7ba3fa53b5ef0a46d6d774f165fe0c6baadb1224.jpg,"淘宝小店【中年骚男馆】
｜聊点成年男人话题｜
丨发型丨胡子丨时尚丨
丨未成年 & 女生慎入丨",保密,5,FALSE,,0,15990,3,422,"(4.199, 4.798]",TRUE
2062922654,看世界77,https://i2.hdslb.com/bfs/face/280a1be21d43042deac62892d493a58d6ec593a5.jpg,每天更新视频 点个关注哦 不然找不到了 1653934893,男,5,FALSE,,0,15699,5,305,"(3.599, 4.199]",TRUE
3546923405412576,六伯陆拾六,https://i0.hdslb.com/bfs/face/9dc99a63d97b092e9dd2a761d4a9431ce92182af.jpg,"哈基米～曼波～
小号 @DJHachiSix",男,6,FALSE,,2,14974,254,192,"(3.599, 4.199]",TRUE
3546872664819733,鱼丸动漫i,https://i1.hdslb.com/bfs/face/6e1a6256833a6ec56b94d878614f76ada0e9ab02.jpg,感谢关注～,保密,4,FALSE,,0,14953,3,35,"(3.599, 4.199]",TRUE
401266391,韩颜娱乐,https://i2.hdslb.com/bfs/face/ab338ead7233c8cffe027a1a19352dd60625b70c.jpg,"温馨提示：「本频道所有视频均已绑定原创者能量场。未经授权，仅供观赏。搬运即同意：以汝之运，换吾之影。取我视频者，失汝三分运。」
交流学习请私",女,5,FALSE,,1,14771,188,2405,"(3.599, 4.199]",TRUE
3546664373586438,长寿乡阿星,https://i0.hdslb.com/bfs/face/8004fe306ede6c5fa7d5b30beb2646be1e59798a.jpg,生活无非柴米油盐。,男,4,FALSE,,0,14536,0,517,"(3.599, 4.199]",TRUE
387439634,晓玉说,https://i2.hdslb.com/bfs/face/048e15b3213d101d8c9b780a696b3900d941815b.jpg,"不一样的视角，看同一个世界
（不会主动私信任何人，没有小号！谨防受骗）
特别说明：晓玉是根据真人制作的Ai财经主播",保密,4,FALSE,,1,13555,67,56,"(3.599, 4.199]",TRUE
3691000050485483,咕咚21点,https://i2.hdslb.com/bfs/face/8fa78e3d46d001bc73ca87f13ae7f8662e5e5fe0.jpg,恭喜你发现我了！点个关注，绝对不会让你失望的！,保密,3,FALSE,,0,13454,3,25,"(3.599, 4.199]",TRUE
3494356069649346,潮汕奶爸,https://i0.hdslb.com/bfs/face/9464469fdd3fd6c9fbc2c821e10e78dbda4ad432.jpg,"潮汕人·在广州
大白话·拆商业",男,2,FALSE,,0,13205,10,221,"(3.599, 4.199]",TRUE
382171566,味旅Foodie,https://i0.hdslb.com/bfs/face/6a689c83c698ca0583e1d1c2a2fb327aa971dc6b.jpg,分享全球烟火气,保密,4,FALSE,,0,12678,129,660,"(3.599, 4.199]",TRUE
569784264,咫尺天涯129,https://i0.hdslb.com/bfs/face/5802fcb3f0e856c702787f9d29ea5b9afbcb4c2e.jpg,吃一堑长一智，谢谢啊！从今往后不再剪马大帅、海绵宝宝、老梁、三国演义、一线、夜线、今日说法、雍正王朝、欢乐喜剧人等等！,男,6,FALSE,,2,12106,45,1887,"(3.599, 4.199]",TRUE
416556635,肥坤健身,https://i2.hdslb.com/bfs/face/5552a1f8999482187a016670a01545e865cea503.jpg,纯粹！,男,6,FALSE,,1,12086,2,2343,"(3.599, 4.199]",TRUE
629184249,旺旺小小粟抗癌版,https://i0.hdslb.com/bfs/face/9609764438c9d996a57b7c5af7abf37bf256706b.jpg,"吱吱fb: 一八九335八二810
00后放下学业独自陪妈妈抗癌  家里没有别的亲人了
妈妈结肠癌晚期伴严重转移 在北京租房治疗",女,6,FALSE,,1,11796,133,32,"(3.599, 4.199]",TRUE
13799302,大大腚,https://i1.hdslb.com/bfs/face/11ca85e38fbab6900afd496d824ed8220f64a551.jpg,我喜欢你,保密,6,FALSE,,1,11716,286,6,"(3.599, 4.199]",TRUE
3546637938985683,捏捏响当当,https://i0.hdslb.com/bfs/face/e1ad6f6933b882253180a455898447ab0ad01c16.jpg,,保密,3,FALSE,,0,10861,1,36,"(3.599, 4.199]",TRUE
474197110,进化的迪路兽,https://i1.hdslb.com/bfs/face/2a8055e33062f25d7d40c9e5ccf3f5c1d5854307.jpg,"跑得越远，离你的心越近
合作v：JH_dilushou
2025东莞虎门半马125
2026顺德容桂全马258
感谢关注，一起进步",男,6,FALSE,,1,10706,201,309,"(3.599, 4.199]",TRUE
13036894,草根妖怪俱樂部,https://i1.hdslb.com/bfs/face/c4176f680d9505d10b66fc5416168d42814fee1b.jpg,我恨一切不吐象牙的跑步博主/因此只做纯粹简单的分享/没有回答问题的义务/V：cgygjlb0220（请备注）,男,6,FALSE,,2,9772,117,296,"(3.599, 4.199]",TRUE
370405299,贰拾叁文姬,https://i0.hdslb.com/bfs/face/8fa5c4672784da83295061585ddb5c6d6f4f0f6a.jpg,摸鱼中，咕噜咕噜,保密,6,FALSE,,1,9697,97,646,"(3.599, 4.199]",TRUE
3546786627062259,C位嫡长女,https://i0.hdslb.com/bfs/face/ddc290802b8f18ed5d28384f80ede7f45eeeb501.jpg,"多读书，多看报｜少吃零食，多睡觉
瓜不熟领导负责｜不够搞笑瓜负责",保密,5,FALSE,,0,9326,1,2044,"(3.599, 4.199]",TRUE
1713659140,羽安养花笔记,https://i1.hdslb.com/bfs/face/f188621de7bb367176f15ce2ca8ec0a469609169.jpg,"植物爱好者，花园设计师
聊聊养花那点事",男,4,FALSE,,0,9223,9,163,"(3.599, 4.199]",TRUE
334195631,卿羽treetree鲨,https://i2.hdslb.com/bfs/face/c648d08fd6f7ffa7af1b6a1ce1d7611ff62f39c1.jpg,分享cos日常目前主更天官各平台同名,女,5,FALSE,,2,8861,156,106,"(3.599, 4.199]",TRUE
3546653680207941,美少女战士冰冰要逆袭,https://i0.hdslb.com/bfs/face/9c952ce7a4556e2c9f2b97440cf429ae30f49ac6.jpg,,保密,4,FALSE,,0,8486,1,396,"(3.599, 4.199]",TRUE
3632317247523083,袁掌厨有话说-,https://i2.hdslb.com/bfs/face/58d8533cde72dcc7d98080f1484f6fc4acea96f6.jpg,每天分享美食小妙招 感谢您的支持与关注,男,3,FALSE,,0,8123,1,74,"(3.599, 4.199]",TRUE
319104711,燭骸,https://i0.hdslb.com/bfs/face/c0b04e4f8dc86776d2a529e88101a6f3e6042d97.jpg,"约稿请联系以下任何私信
lofter:燭骸
微博:珠海公公
QQ:2038624010",女,6,FALSE,,1,8044,702,19,"(3.599, 4.199]",TRUE
428248608,老晏-LaoYanFPV,https://i0.hdslb.com/bfs/face/dc49d091aa9211fc63b7c5310ae626d681cd2d2b.jpg,"专注FPV/航模/穿越机/3D打印的整活玩家，2015年入坑，带您感受折腾的乐趣。
合作VX:LaoYanFPV（请注明来意）",男,6,FALSE,,0,7656,74,182,"(3.599, 4.199]",TRUE
3546386295425190,一坨可恶的小白衣,https://i0.hdslb.com/bfs/face/1112c4abb36460d43f76d9febce69bf5db644d65.jpg,"天天开心，祝大家生活鱼块！！！
私信都会看，非重要事情勿扰
游戏ID：10116E9G
游戏名：一坨可恶的小白衣
企鹅粉丝群：1044911",保密,4,FALSE,,0,7471,211,197,"(3.599, 4.199]",TRUE
393694091,车大队长,https://i2.hdslb.com/bfs/face/32b14cd496f9ded2ad6858aad85c73fbcd7c8cae.jpg,如有侵权，联系即删,男,6,FALSE,,1,7369,53,41,"(3.599, 4.199]",TRUE
4677567,ouoantares,https://i0.hdslb.com/bfs/face/1cd3f713d6dbcc66426af8edeace3877f4e229fe.jpg,?,保密,6,FALSE,,2,7244,36,8,"(3.599, 4.199]",TRUE
437817718,酥饼Yuna,https://i1.hdslb.com/bfs/face/6ac5820dba699780394bdd9d90fd78528f2dba53.jpg,,保密,4,FALSE,,1,7226,28,2,"(3.599, 4.199]",TRUE
640788027,勿惊山雀,https://i0.hdslb.com/bfs/face/3f3beba6f3d5c8794731b925372f87ae5e9918aa.jpg,人间风二两，填我梦八千。,保密,5,FALSE,,1,7101,32,38,"(3.599, 4.199]",TRUE
328076924,挡到我的鸭肠了,https://i2.hdslb.com/bfs/face/cb35a6950a8580dd04d319cd68bac8649ff58454.jpg,谢谢你这么可爱还关注我,保密,6,FALSE,,1,6800,110,33,"(3.599, 4.199]",TRUE
3690974104521671,b站传奇补档王,https://i2.hdslb.com/bfs/face/5c883d7ad6e8a3b9df0c923171d9d735330ad33c.jpg,补档永不止。,保密,3,FALSE,,0,6710,10,25,"(3.599, 4.199]",TRUE
2009515875,HK_Ane,https://i0.hdslb.com/bfs/face/45a50024e167f2d5cad98c6a1042f26a2560c8a6.jpg,文件q号:3502467294    wyy：Ane-HK  术力口忠实爱好者（bushi，专业拖更大户，有想法就投没想法就摆烂,男,5,FALSE,,0,6558,210,9,"(3.599, 4.199]",TRUE
416357897,南村异客,https://i2.hdslb.com/bfs/face/4add3acfc930fcd07d06ea5e10a3a377314141c2.jpg,"南村群童欺我老无力！

感谢各位准研究生的关注！",保密,5,FALSE,,1,6499,92,51,"(3.599, 4.199]",TRUE
25240503,Vino147,https://i0.hdslb.com/bfs/face/d0c9ca58601f1793dfbf5643810e433c0e7e69f4.jpg,"北京双子台球斯诺克万元让分赛冠军。
北京线下学球私信+V: xjx16650213216",男,6,FALSE,,2,6458,517,564,"(3.599, 4.199]",TRUE
620714457,霜幻不容筱,https://i0.hdslb.com/bfs/face/6c7d3c33b10be038bea3e9150b6b66b660efe677.jpg,原名：SHBRX  什么素材都做的一个音MAD区UP 随缘更新,男,6,FALSE,,1,5705,322,92,"(3.599, 4.199]",TRUE
691121192,油炸豆腐一块,https://i2.hdslb.com/bfs/face/3c9c990288642472043ad81245d0a0e05afb0824.jpg,全网同名. 物料见合集收藏夹，可在主页用关键字搜索指定物料，部分综艺因为版权很严无法上传,保密,6,FALSE,,0,5347,24,3222,"(3.599, 4.199]",TRUE
187100549,周不为一,https://i2.hdslb.com/bfs/face/3285ac1550fb8e030a97fdb58883e75900f46968.jpg,你好，祝你今天开心,保密,6,FALSE,,2,5201,883,28,"(3.599, 4.199]",TRUE
435466646,英雄联盟丶黑小虎,https://i2.hdslb.com/bfs/face/2f1f4d5663cc4004613cbcecea58596375416d45.jpg,"
不忘初心方得始终
10万粉丝女装",保密,6,FALSE,,0,5048,17,2015,"(3.599, 4.199]",TRUE
102813782,港尾渡亭,https://i2.hdslb.com/bfs/face/7a23907fea8585ea502b20bf54e175d3cea9012c.jpg,欢迎关注苦行宇宙，催更聊天找音频、原版视频请加qq群1083379444，网易云同名。不只音乐，更想介绍一段故事，水平有限感谢包容,保密,6,FALSE,,0,4989,236,74,"(3.599, 4.199]",TRUE
1868652536,耀志的声音,https://i2.hdslb.com/bfs/face/129110472b4fe023950b6de6f9c6828718ca2f12.jpg,我爱我的祖国,保密,5,FALSE,,1,4978,665,628,"(3.599, 4.199]",TRUE
384390687,阿禾木AllanJi,https://i0.hdslb.com/bfs/face/bf9fef9acc92017c6fd1ec643eb0fec5f5126544.jpg,"影像呈现玩具，玩具讲述故事
摄影｜徒步｜吉他｜潜水
00后编导，在鹅厂做过设计，在日报做过记者，画的长颈鹿提油机全网千万次播放。幸会。",男,6,FALSE,,2,4974,205,48,"(3.599, 4.199]",TRUE
479775407,李老普解说,https://i2.hdslb.com/bfs/face/d41d8fffba6a80c59543838a792c4bf43643b23c.jpg,世界真奇妙，看了才知道，来吧，我说你看,保密,5,FALSE,,0,4192,66,1275,"(3.599, 4.199]",TRUE
500725704,云舒予桐,https://i0.hdslb.com/bfs/face/0ac844a3ad386dd4d1b6a57e80e8c1fcfbb5ce78.jpg,不求永久，只求有爱。,女,5,FALSE,,1,3961,24,94,"(2.999, 3.599]",TRUE
609742934,量子气泡水丶,https://i2.hdslb.com/bfs/face/d2a5a07f45be01600d1f774505e20873901f0bb7.jpg,,保密,6,FALSE,,0,3913,16,132,"(2.999, 3.599]",TRUE
12680333,李明萱,https://i2.hdslb.com/bfs/face/7a1b33a38509e58ec60bfe3d8928ce92d0fe2038.jpg,接稿私,保密,6,FALSE,,1,3856,142,407,"(2.999, 3.599]",TRUE
507654072,希儿SV国际,https://i0.hdslb.com/bfs/face/862383bef902724571f58a920020eb63cc0d2a11.jpg,谢谢关注up的粉丝们（主账号是希儿Seele-Vollerei）,保密,6,FALSE,,1,3817,656,100,"(2.999, 3.599]",TRUE
229849688,顺遂_shunsui,https://i2.hdslb.com/bfs/face/cc6177c50bf1631cf9bd85237ed656cf03536d8b.jpg,感谢关注 bro！,男,6,FALSE,,0,3625,112,78,"(2.999, 3.599]",TRUE
3690987389979065,天南寒劳模,https://i2.hdslb.com/bfs/face/ec7d78c9970e3cdfcfd0153c2f412167918c34f4.jpg,资源在视频简介！！！,保密,3,FALSE,,0,3611,8,169,"(2.999, 3.599]",TRUE
14215701,周大歌,https://i0.hdslb.com/bfs/face/ffda588112d446e510554203709fa99ba0f0111b.jpg,玩车妹子一枚，寻找终极dream car中...努力能做出有趣的内容精神股东&商务合作+：ZG47tuning,女,5,FALSE,,2,3471,89,60,"(2.999, 3.599]",TRUE
1692606088,KOLALI_,https://i1.hdslb.com/bfs/face/d38bf1aa9512f4d4e6daf1bfc41cce4f513ec47e.jpg,"09 高中生 男 白羊座 enfp
Lily 单依纯 swan 金采炫
平常爱跳点jazz
视频只是记录我的成长历程，不爱看请划走",男,5,FALSE,,1,3463,144,6,"(2.999, 3.599]",TRUE
1840640101,米诺手冬枫,https://i1.hdslb.com/bfs/face/4e783e1e050f3bb0044faaefb5182ba53289038c.jpg,,男,5,FALSE,,1,3414,279,26,"(2.999, 3.599]",TRUE
472265737,拾月初初,https://i1.hdslb.com/bfs/face/48356d0169ddeb105f1fee5eece831c6afc68f7d.jpg,爆料请关注我,保密,6,FALSE,,1,3256,414,3,"(2.999, 3.599]",TRUE
516943269,机智の王先森,https://i0.hdslb.com/bfs/face/3b673ecd39303d4eee480337150d1156f5224e34.jpg,还在学习中，，,男,6,FALSE,,2,3165,966,48,"(2.999, 3.599]",TRUE
203230210,ItsZTChun,https://i1.hdslb.com/bfs/face/f3078a05ddbf58fba5380b64b80bdb13508249a7.jpg,,保密,6,FALSE,,1,3132,200,78,"(2.999, 3.599]",TRUE
3461581698500738,澳特漫漫,https://i2.hdslb.com/bfs/face/e70d0e512d8bb43e7e55b456090dcaa365a55c0a.jpg,不定时更新～,保密,3,FALSE,,0,2818,5,616,"(2.999, 3.599]",TRUE
393738271,奇迹小刺猬,https://i1.hdslb.com/bfs/face/f996ae668f7153d375413d5d36c700e95c011bb6.jpg,需要私占+wubawuba_qwq 备注梦占 ,保密,6,FALSE,,1,2765,185,87,"(2.999, 3.599]",TRUE
3461570468251964,子恒鸽鸽,https://i2.hdslb.com/bfs/face/6aaccdb6e9b9349f2105a79315617e42158001cf.jpg,"主包会玩各种千千万万的游戏
随时可以带你们玩 专门宠粉
很期待宝宝的点赞三连加关注",男,5,FALSE,,0,2703,631,255,"(2.999, 3.599]",TRUE
3632303139981986,爱钓鱼的吴亚,https://i2.hdslb.com/bfs/face/c8038965ac75a1e98dfcd04a8d56fdf8cfba718d.jpg,就是一专业钓鱼玩家，永不止步！,保密,2,FALSE,,0,2644,3,38,"(2.999, 3.599]",TRUE
3546392112924746,钢琴曲黄昏舞,https://i2.hdslb.com/bfs/face/a40e1c064a44190321279a6065cb19d33966f5f5.jpg,?该账号封禁中,保密,5,FALSE,,1,2415,751,157,"(2.999, 3.599]",TRUE
1366174419,摩卡祐天寺,https://i0.hdslb.com/bfs/face/7ceed9ca330cc34ddb64a233d43f6f3c6e5e2a45.jpg,接稿作曲，qq1973085374，价位40~60r/分钟,保密,6,FALSE,,1,2348,160,19,"(2.999, 3.599]",TRUE
490187919,舞蹈教资库,https://i0.hdslb.com/bfs/face/d08fff791793ed526f168413c8fb0a15a5bfe924.jpg,一位资深专业舞蹈老师整理出一万多个G的教材资料，空闲分享精彩片段！（同时出shou各种教材资料，有需要的小伙伴丝信）,保密,3,FALSE,,0,2261,42,662,"(2.999, 3.599]",TRUE
363934305,无极剑道二十真伤,https://i0.hdslb.com/bfs/face/5fa2f6c296bbd0e248d57eedc06546f42ac1ece7.jpg,,保密,6,FALSE,,2,2103,41,140,"(2.999, 3.599]",TRUE
474980480,三微之朔,https://i2.hdslb.com/bfs/face/3fa0e5244538842ca11e985bdabcfc5a1b3af154.jpg,素材源自网络 侵删,保密,5,FALSE,,1,1997,7,279,"(2.999, 3.599]",TRUE
1067572640,漫唱时菊,https://i2.hdslb.com/bfs/face/e9764032f2de25e9da16cec871ee6857979c9a06.jpg,随便唱唱,保密,5,FALSE,,1,1947,41,100,"(2.999, 3.599]",TRUE
433253328,虎子与慕予,https://i0.hdslb.com/bfs/face/6c4e3e4e144c430c5b47e6df6d5fe84be43c22fd.jpg,设计师一枚，养了几只毛孩子。生活闲暇之余会画点宠物小绘本，鼓捣鼓捣ai 。我自己设计的 小喵相亲记 持续更新～,保密,2,FALSE,,0,1924,20,2,"(2.999, 3.599]",TRUE
404600077,Bae_S,https://i1.hdslb.com/bfs/face/30305b7f76a2fa55f57aa409bb4f7a43f32a4e0e.jpg,只为实力服务 互相尊重 更新超慢 谨慎关注,女,5,FALSE,,0,1912,39,11,"(2.999, 3.599]",TRUE
406573610,一岚子花,http://i2.hdslb.com/bfs/face/0624cf3a831a8d97300d116ace53b7e2a0ed6185.jpg,"生活区新人up,以后主拍我和岚妹儿的生活，喜欢的关注吧～",男,6,FALSE,,1,1908,443,2,"(2.999, 3.599]",TRUE
2090253004,账号注销-office,https://i1.hdslb.com/bfs/face/7add1e8f50c7c67ee41e797f5425ed9c9aa54c71.jpg,国漫特摄都看，暂不接投稿,男,5,FALSE,,0,1881,4172,960,"(2.999, 3.599]",TRUE
448604662,跑道07可以落地,https://i1.hdslb.com/bfs/face/0ba7f35026cd38a7af30aebc9bf70e6c7d6ebab3.jpg,"上局杭段hcm一枚～
铁路/航空/足球
不定时更新",男,6,FALSE,,2,1798,311,136,"(2.999, 3.599]",TRUE
3546759944997753,八奈见又没吃饭,https://i0.hdslb.com/bfs/face/0235f4b9751a53d933766bcd690e110909b18901.jpg,好吃,保密,4,FALSE,,0,1685,71,518,"(2.999, 3.599]",TRUE
37659653,正本清源不吹不黑,https://i2.hdslb.com/bfs/face/6a5db91cbac02705bfce5fd59f0bb26ed4e4eb70.jpg,"爱篮球，爱运动，更爱生活
想聊篮球，侃大山的朋友加粉丝群Q764915548",男,5,FALSE,,0,1586,1396,30,"(2.999, 3.599]",TRUE
3493138928765062,不爱吃菜的小涵,https://i1.hdslb.com/bfs/face/f5653ac24739c96e5a18b488392e6a3bf5f105d2.jpg,我是不爱吃菜的小涵，什么游戏都玩，主要更新fnf，感谢大家支持??,男,4,FALSE,,0,1287,1186,97,"(2.999, 3.599]",TRUE
1585080231,龙龙菌De,https://i0.hdslb.com/bfs/face/f99393a412db81474a44c4991f550e4a5b54c20d.jpg,复活啦，以后二创都在这里发～主要做鸣潮，可能会做其他游戏，后面积分剩下的话做点整活小剧场大号@龙龙菌De小窝 专攻体育区！,男,4,FALSE,,1,1254,235,6,"(2.999, 3.599]",TRUE
1786223417,李李的开车Vlog,https://i2.hdslb.com/bfs/face/d5c2bd86b5591e174d3d9d97a929dce771c2389b.jpg,""" 上班载具：领克06·领克07EM-P
"" 这位煮啵个子小小的开车拽拽的?)??",保密,3,FALSE,,0,1232,3,33,"(2.999, 3.599]",TRUE
99814111,GTX1010TI_SLI,https://i1.hdslb.com/bfs/face/a4487b2bee26f9a46a5e4f74e4cd1da4d689c730.jpg,,男,6,FALSE,,1,1132,261,122,"(2.999, 3.599]",TRUE
636156357,bili_28958058098,https://i0.hdslb.com/bfs/face/5e222f5ef83a01f32833b8c1585a41d33c6003cf.jpg,,保密,4,FALSE,,1,1118,728,61,"(2.999, 3.599]",TRUE
3493272305535004,伊旅游全球,https://i1.hdslb.com/bfs/face/02f9058c316d70e9f2931579da915b2e863c51ef.jpg,"新人up感谢支持

 旅行的意义或许是想邂逅尚未遇见的景色，还有尚未谋面的人

",保密,3,FALSE,,0,1101,86,23,"(2.999, 3.599]",TRUE
131583740,z平火星,https://i2.hdslb.com/bfs/face/66f56bc225d68c32bcd265b5555f1fde14fa9cd1.jpg,大师赛爱好者，单机游戏,保密,5,FALSE,,2,1037,290,75,"(2.999, 3.599]",TRUE
3494368824527377,siwen008,https://i1.hdslb.com/bfs/face/663875ccc7f2dfc27a87d4e6df9e1777eeabf6b5.jpg,梦想3000粉，谢谢大家支持，多多关注，不迷路?,男,2,FALSE,,0,997,15,129,"(2.399, 2.999]",TRUE
354320088,终与你同行-,https://i0.hdslb.com/bfs/face/6cc15e0cbd4bb6480df7bfa520e008ab124d6376.jpg,这个up主究竟有多少存片至今是个谜,男,6,FALSE,,1,964,803,118,"(2.399, 2.999]",TRUE
3632305295854334,弔图鉴赏家MC,https://i2.hdslb.com/bfs/face/0b25b425139c8349a6110f79a21b922cedb4b30c.jpg,新图旧图，有人没看过就是好图,保密,3,FALSE,,0,958,5,50,"(2.399, 2.999]",TRUE
256456698,王干士,http://i0.hdslb.com/bfs/face/5dbff8a50e22fd9824912bc6000df7809bed90f4.jpg,你追不上我追不上我,女,5,FALSE,,1,883,66,10,"(2.399, 2.999]",TRUE
889299,七号烤肉人,https://i0.hdslb.com/bfs/face/4d542efa5717d4d7b3ff503e96924e140f05969d.webp,山下诚推。懒，间歇性爬墙。不定期烤烤和山下诚一郎有关的节目。,保密,6,FALSE,,2,837,1396,88,"(2.399, 2.999]",TRUE
437442812,最初的梦想223,https://i2.hdslb.com/bfs/face/fdf310cb28daf3a1ffbf3fbb250d5a93b7af9c2a.jpg,"刚入坑mugen的新手玩家，对这个圈子，并不是很熟悉，只是一味地充满好奇……
群:914353742",保密,5,FALSE,,0,813,88,87,"(2.399, 2.999]",TRUE
1506026000,砂狼大白ovo,https://i2.hdslb.com/bfs/face/10da028a5d25a6b8f563ca6c22468c3345577f93.jpg,,保密,4,FALSE,,0,711,662,42,"(2.399, 2.999]",TRUE
12606474,憨憨使徒,https://i0.hdslb.com/bfs/face/d9be71dbc57fd8543ab776153f4b14786f7c072e.jpg,补档，修复，翻译，分享，有更好的源会随时更新。互联网的记忆比我想象中脆弱，遍布大量已死亡链接，珍惜资源。,保密,6,FALSE,,2,682,63,115,"(2.399, 2.999]",TRUE
3632302672317183,在下游某人,https://i0.hdslb.com/bfs/face/73798d0da65c5e84f35f287dd0a7e63c71070234.jpg,主打「不啰嗦的 AI 教程」+「有脑洞的原创 AI 作品」，一个把 AI 玩明白的野生创作者，关注我，带你用 AI 解锁百分百创作自由。,保密,3,FALSE,,2,649,12,5,"(2.399, 2.999]",TRUE
3546783443585705,iOS蛋仔派对,https://i2.hdslb.com/bfs/face/7ad77a41d0c62336c50b9ba02ee3c6e3cb1175fa.jpg,蛋仔派对,男,4,FALSE,,0,621,734,37,"(2.399, 2.999]",TRUE
3546911202085476,Python学习日记-,https://i0.hdslb.com/bfs/face/26e695968090e397ce2d7b3b0557ef6364868843.jpg,从现在关注我，之后你们都是老粉啦！,保密,3,FALSE,,0,614,223,97,"(2.399, 2.999]",TRUE
3546711089744189,System-drvmain,https://i2.hdslb.com/bfs/face/b9b7269c5c7d8f09fd62c7ca9ff52bbb49f34199.jpg,,保密,3,FALSE,,0,494,78,13,"(2.399, 2.999]",TRUE
9557984,万宇豪-,https://i2.hdslb.com/bfs/face/954a5beb5b44622e91af057cc460b798e0fd3138.jpg,"浙江音乐学院19流行演唱本科
浙江音乐学院23流行演唱硕士研究生
第五季中国达人秀全国第三名
中国新声代茜拉、麦咭班学员
微博：万宇豪-",男,6,FALSE,,0,492,17,59,"(2.399, 2.999]",TRUE
40434844,椰子yurio,https://i1.hdslb.com/bfs/face/cbf68d23c826edead66b83c640e3d7e9611ee7c1.jpg,"随便发发，不定时，内容很杂，不用关注啦
主要是为了满足自己的分享欲",保密,6,FALSE,,1,382,92,161,"(2.399, 2.999]",TRUE
22006971,夜翎潇,https://i0.hdslb.com/bfs/face/010b06dd6c6188b29d18fcf2b053c9f7cd4c71bd.jpg,这里洛川，是个画画的，不知道为啥被拐去搞舞台剧了。,保密,6,FALSE,,1,376,300,35,"(2.399, 2.999]",TRUE
3493272083236932,墨汐音乐,https://i0.hdslb.com/bfs/face/cdc4326428613acf09f1d7e0c957d9506551b48d.jpg,我刚转到b站请多指教,女,2,FALSE,,0,341,32,32,"(2.399, 2.999]",TRUE
282237799,贴吧小土豆,https://i1.hdslb.com/bfs/face/7d822d9a3522dd51fa8786711dc2011046556c02.jpg,贴吧游戏区搬运每天更新，点点关注点点关注点点关注,保密,3,FALSE,,0,325,5,103,"(2.399, 2.999]",TRUE
3493094674663708,w白灵bailingw,https://i1.hdslb.com/bfs/face/c2fb955bba79dc368996548fd92546810c7b9356.jpg,养了4年的狗屎巴西龟，真的是死掉了,男,5,FALSE,,1,313,449,40,"(2.399, 2.999]",TRUE
590602528,东山近赤啊,https://i1.hdslb.com/bfs/face/4cbdf3b7991fa215d58b34682812bcc7ed396b50.jpg,关注我可以得无偿约稿哦,保密,5,FALSE,,1,307,25,4,"(2.399, 2.999]",TRUE
547060198,玩小游戏的,https://i1.hdslb.com/bfs/face/2b08930b892b2ff1a9e263f6013e411c2893d1cf.jpg,,保密,3,FALSE,,0,288,3,414,"(2.399, 2.999]",TRUE
433037690,伊-sama,https://i2.hdslb.com/bfs/face/b41b09ff7f12178b6a1138cc8bec26405b8d86f4.jpg,,男,6,FALSE,,2,260,636,4,"(2.399, 2.999]",TRUE
1430921,Codie十年失眠努力自救,https://i2.hdslb.com/bfs/face/0c544881fcb1f0c30357c29575b8eb4fb47a6e55.jpg,"睡好=心态+习惯+环境+生理
从小入睡困难/偏头痛/内异症/痘痘
文献自救｜补剂测评｜学习分享｜群友问题解答",女,5,FALSE,,2,247,65,19,"(1.799, 2.399]",TRUE
416220600,圣男爱作战,https://i0.hdslb.com/bfs/face/4a6dd8693c1c2201f93218b78069197ed66c2b44.jpg,"美好贩卖社
用心记录生活",男,2,FALSE,,0,212,1,197,"(1.799, 2.399]",TRUE
1869255,任独玉,https://i0.hdslb.com/bfs/face/f49aa1b2f4133004412c00c5bde1145990f9a413.jpg,,女,6,FALSE,,1,207,38,21,"(1.799, 2.399]",TRUE
39148016,Bloom-Tt,https://i2.hdslb.com/bfs/face/423ca1e5f797533d0aa33059dce0c497bf388aac.jpg,一个热爱舞蹈的girl，用B站记录舞蹈~视频号：Bloom-Tt---记录生活、音乐、舞蹈、混剪,女,4,FALSE,,0,192,24,18,"(1.799, 2.399]",TRUE
3546756103015295,永远的八神,https://i2.hdslb.com/bfs/face/609d61f19967c5a1c7f23f46b2a28eeac64c5914.jpg,"I wanna to for 2100 years.



https://mmxii.netlify.app/",保密,4,FALSE,,0,168,8,8038,"(1.799, 2.399]",TRUE
1251232326,樱花盛开的时结,https://i0.hdslb.com/bfs/face/30163a99b9be84f9afc49e926eedef3b2dca8a03.jpg,,保密,4,FALSE,,0,137,65,11,"(1.799, 2.399]",TRUE
3546746126862878,疼疼疼疼痛处理器,https://i2.hdslb.com/bfs/face/0db10499b7b16e11e49baa2e0d7a81c0f5d4b4be.jpg,"请给我幸福吧(*?ω?)
",女,3,FALSE,,0,123,20,1,"(1.799, 2.399]",TRUE
13617944,啊这样啊那没事了,https://i2.hdslb.com/bfs/face/c2ec173d5b409f215557a2109ede801504b2dd86.jpg,,保密,6,FALSE,,1,120,340,10,"(1.799, 2.399]",TRUE
3546803425249844,一只不玩RS的航2,https://i2.hdslb.com/bfs/face/ae0e85a699de72ab4cdf3b4922146be97fd7de96.jpg,"本人是一名初二学生，微信同名，主做解析
粉丝群:QQ:1082807759  微信:",保密,3,FALSE,,0,112,35,98,"(1.799, 2.399]",TRUE
36787395,咕咕在唱歌,http://i0.hdslb.com/bfs/face/aff21ad9e46f17a8ab55baf07ee9a45eb68d546b.jpg,,保密,6,FALSE,,1,100,33,29,"(1.799, 2.399]",TRUE
3493280171952766,老文诩,https://i1.hdslb.com/bfs/face/9c9d7aa93b2a4c244cf54bddd182e35242a35e27.jpg,"其实我更想做美食相关的视频
交流群QQ1081332972,欢迎大家来玩",男,4,FALSE,,0,63,107,29,"(1.2, 1.799]",TRUE
3493108868188990,我许清风二两,https://i1.hdslb.com/bfs/face/72b05520e1a7f8212ce42bac4fa10185dff6d0b9.jpg,愿此行，终抵群星,保密,5,FALSE,,0,49,135,6,"(1.2, 1.799]",TRUE
55918473,agent张,https://i0.hdslb.com/bfs/face/0cd2f06f6e29fbb95ea103841aaa60f2d5f0883e.jpg,,保密,5,FALSE,,0,41,1,22,"(1.2, 1.799]",TRUE
664215833,摆烂的ocean,https://i2.hdslb.com/bfs/face/0b1d1ebcaa983b05e7f8029a4a205ee42f0431b8.jpg,STRAYKIDS NEXZ长长久久,保密,4,FALSE,,0,21,135,30,"(1.2, 1.799]",TRUE
3546939280853512,是耳又又,https://i1.hdslb.com/bfs/face/1be8501a3220e13dd51f064557c2f9ff1c3b699d.jpg,,保密,2,FALSE,,0,20,24,30,"(1.2, 1.799]",TRUE
1309360750,みずな__Mzn,https://i1.hdslb.com/bfs/face/68f3d64d2f9ebf091999f89675c3c90509db466a.jpg," 存つきしろやしろ。相关
あなたと友達になれたら、嬉しいです
同担大欢迎 请多支持本家",女,4,FALSE,,0,15,108,23,"(0.6, 1.2]",TRUE
